date,jp_inflation,jp_unemployment,jp_job_openings,jp_employment,jp_wage_growth,jp_economy_watcher,jp_consumer_sentiment,jp_export_volume,jp_production_inventory,jp_housing_starts,jp_investment,jp_operating_profit,jp_tankan_all,jp_corporate_goods_price,jp_short_rate,jp_usd_jpy,jp_gdp,jp_consumption,jp_gdp_gap,jp_long_rate
2000-01-01,-0.9,4.7,129.701,,1.9,,37.7,103.6,71.8,24.631785664188527,1.6712283320892363,98006.0,-23.0,97.2,0.02,105.21,2.9008282197734436,272.07120000000003,-1.5,1.7077368421052632
2000-02-01,-0.6,4.86,133.0749,,1.4,,37.9,103.9,69.0,4.10588235294118,2.4871656868427516,101763.0,-23.0,97.2,0.03,109.34,2.9008282197734436,272.07120000000003,-1.5,1.7988
2000-03-01,-0.5,4.85,136.2181,,-0.3,,38.2,104.2,70.2,-4.692572552877522,3.299371745060764,105521.0,-23.0,97.1,0.02,106.62,2.9008282197734436,272.07120000000003,-1.5,1.8141363636363637
2000-04-01,-0.8,4.79,139.0536,,1.0,,38.4,105.2,70.4,-0.5820936893652373,3.3399395014081623,104599.0,-18.0,96.9,0.02,105.35,3.0097184729225734,271.4006,-1.1,1.74925
2000-05-01,-0.7,4.63,140.6397,,1.2,,38.7,105.8,70.0,-2.923135901859311,3.3813169339637517,103677.0,-18.0,96.7,0.02,108.13,3.0097184729225734,271.4006,-1.1,1.69715
2000-06-01,-0.7,4.68,145.6672,,2.6,,38.9,109.1,69.4,-6.162869772186326,3.4234559894531946,102755.0,-18.0,96.7,0.02,106.13,3.0097184729225734,271.4006,-1.1,1.6751363636363636
2000-07-01,-0.5,4.67,150.1451,,-0.2,,39.1,105.8,71.1,-0.2401681176823871,2.7598915529950085,104093.0,-15.0,96.8,0.02,107.9,2.3947404738864586,271.7864,-1.4,1.69925
2000-08-01,-0.8,4.63,153.2455,,1.2,,39.3,106.8,68.8,-2.3011942907078264,2.1035974258888146,105431.0,-15.0,96.8,0.16,108.02,2.3947404738864586,271.7864,-1.4,1.7485217391304348
2000-09-01,-0.8,4.69,155.7116,,1.5,,39.5,105.5,70.5,-1.2050553541687066,1.450234874996048,106769.0,-15.0,96.6,0.25,106.75,2.3947404738864586,271.7864,-1.4,1.8707
2000-10-01,-0.9,4.67,158.3772,,1.9,,39.4,105.8,72.0,4.953495663078698,3.646762897788358,109716.0,-14.0,96.0,0.25,108.34,3.5178374010524482,275.1152,-0.6,1.8205238095238097
2000-11-01,-0.5,4.74,160.9205,,1.2,,39.3,105.0,72.1,2.0824784571194215,5.814604412008628,112662.0,-14.0,95.8,0.25,108.87,3.5178374010524482,275.1152,-0.6,1.7488
2000-12-01,-0.2,4.79,162.4821,,-0.6,,39.2,103.6,72.3,11.996130280554667,7.952181881834464,115609.0,-14.0,95.8,0.24,112.21,3.5178374010524482,275.1152,-0.6,1.6247142857142858
2001-01-01,-0.3,4.8,161.6633,0.07867820613689513,1.1,,37.9,99.0,75.6,-12.95441755768148,6.864624546233222,110529.0,-22.0,95.4,0.25,117.1,2.202673735815508,276.4175,-0.2,1.5026842105263156
2001-02-01,-0.3,4.7,160.7752,0.6496593249881055,-0.2,,36.5,100.9,76.9,-8.385128263080574,5.796867267898076,105449.0,-22.0,95.4,0.25,116.1,2.202673735815508,276.4175,-0.2,1.4016842105263156
2001-03-01,-0.7,4.75,158.6939,0.5358550039401111,0.0,,35.2,101.1,77.9,-4.76878612716763,4.750472646520421,100369.0,-22.0,95.2,0.11,121.21,2.202673735815508,276.4175,-0.2,1.1785238095238095
2001-04-01,-0.7,4.83,158.1693,-0.2018633540372683,0.6,,35.3,98.1,83.0,-10.288104089219331,4.6562096253230045,99902.0,-27.0,94.9,0.02,123.77,0.8106319995362821,279.0811,-1.2,1.3462999999999998
2001-05-01,-0.7,4.94,156.9565,-0.4613255420575113,0.2,,35.3,94.7,81.6,-6.3382367459769,4.562307739319982,99436.0,-27.0,94.7,0.02,121.83,0.8106319995362821,279.0811,-1.2,1.2816190476190474
2001-06-01,-0.8,4.95,155.9246,-0.568968168537598,-0.5,,35.4,94.2,83.5,-12.945013135247763,4.46457024784892,98969.0,-27.0,94.5,0.02,122.19,0.8106319995362821,279.0811,-1.2,1.179095238095238
2001-07-01,-0.8,5.01,153.6501,-0.5701957158267823,0.2,,33.9,94.9,83.8,-2.0363125689637798,5.744615067504899,93256.0,-36.0,94.4,0.01,124.63,-0.3310310074109091,278.5287,-2.6,1.3133809523809523
2001-08-01,-0.7,5.05,151.8017,-0.5709876543209869,-1.8,,32.4,94.3,83.5,-2.554164182071162,7.030087617788072,87542.0,-36.0,94.2,0.01,121.53,-0.3310310074109091,278.5287,-2.6,1.339304347826087
2001-09-01,-0.8,5.26,149.4955,-1.2962962962962954,-0.5,,30.9,93.8,83.5,-7.080523601745341,8.323233578835065,81829.0,-36.0,94.1,0.005,118.91,-0.3310310074109091,278.5287,-2.6,1.3735263157894737
2001-10-01,-0.8,5.25,145.6183,-1.5826674861708634,-0.8,,30.9,94.4,84.3,-8.40386338743403,2.544685564674487,80877.0,-40.0,93.4,0.003,121.32,-1.5688058886479284,278.5222,-3.0,1.365909090909091
2001-11-01,-1.0,5.38,142.8901,-1.107351584127958,-0.4,,32.2,92.8,84.3,-5.788362978595117,-2.9204588872669524,79925.0,-40.0,93.3,0.002,122.33,-1.5688058886479284,278.5222,-3.0,1.3410952380952381
2001-12-01,-1.2,5.43,141.0495,-1.2111801242235987,-2.6,,30.9,90.8,83.6,-18.370285056147424,-8.097023111187418,78973.0,-40.0,93.2,0.002,127.32,-1.5688058886479284,278.5222,-3.0,1.3496315789473685
2002-01-01,-1.4,5.23,141.725,-1.4622641509433931,-2.8,35.4,34.0,96.2,80.7,-1.7455391776570934,-8.520038167938926,79319.0,-41.0,92.9,0.001,132.66,-1.8930080991742981,280.2596,-3.0,1.4306315789473683
2002-02-01,-1.6,5.31,141.803,-1.6372795969773257,0.1,34.7,32.2,97.1,78.2,-1.529542370790665,-8.942429767370818,79665.0,-41.0,92.9,0.001,133.53,-1.8930080991742981,280.2596,-3.0,1.5198421052631579
2002-03-01,-1.2,5.31,143.8476,-1.285467941683649,0.3,41.7,35.6,100.3,77.6,-8.432690223282023,-9.366107068507802,80011.0,-41.0,92.9,0.002,131.15,-1.8930080991742981,280.2596,-3.0,1.44315
2002-04-01,-1.1,5.28,145.4844,-1.4625797417146424,-1.1,43.9,36.2,101.1,73.0,-1.7300321143685835,-9.231807879635435,82823.0,-32.0,92.7,0.001,131.01,-0.4335424578562064,282.2769,-2.5,1.3988095238095237
2002-05-01,-0.9,5.41,146.9544,-1.8075081106133206,-1.4,45.0,37.8,103.7,69.7,3.2149256877832784,-9.095691309557441,85635.0,-32.0,92.7,0.001,126.39,-0.4335424578562064,282.2769,-2.5,1.3791904761904763
2002-06-01,-0.7,5.47,148.2944,-1.438292607485303,-3.1,42.7,37.1,105.5,71.5,-2.674297606659721,-8.955914190120051,88447.0,-32.0,92.6,0.001,123.44,-0.4335424578562064,282.2769,-2.5,1.3484500000000001
2002-07-01,-0.8,5.37,149.794,-1.2089274643521386,-5.0,41.9,38.0,105.2,69.7,-9.277083759983611,-9.252075942458383,89213.0,-30.0,92.5,0.002,118.08,1.0626810476174198,282.3467,-2.4,1.3014782608695652
2002-08-01,-0.9,5.49,150.8949,-1.1174918516219101,-2.1,42.3,37.7,105.5,70.2,-10.66802651708312,-9.543576476039695,89980.0,-30.0,92.4,0.002,119.03,1.0626810476174198,282.3467,-2.4,1.2506818181818182
2002-09-01,-0.7,5.42,152.5275,-0.6722951844903013,-0.7,41.6,36.3,105.8,71.0,-8.10032017075774,-9.828634816203186,90746.0,-30.0,92.2,0.005,120.49,1.0626810476174198,282.3467,-2.4,1.141578947368421
2002-10-01,-0.9,5.39,153.1529,-0.7806401249024209,0.1,39.0,35.3,105.0,69.9,-0.4565713664528772,-6.249508995207798,90388.0,-28.0,91.9,0.002,123.88,1.520357492725144,281.36879999999996,-2.4,1.0924090909090909
2002-11-01,-0.4,5.23,153.8416,-1.3063763608087142,-1.0,38.3,35.7,108.6,69.9,-8.106666666666655,-2.473459007790735,90029.0,-28.0,92.0,0.002,121.54,1.520357492725144,281.36879999999996,-2.4,0.9865
2002-12-01,-0.3,5.39,154.3149,-1.1160012574662037,-2.9,38.4,33.6,104.5,70.5,-4.785420340975904,1.5183909000332063,89671.0,-28.0,91.8,0.002,122.17,1.520357492725144,281.36879999999996,-2.4,0.9632999999999999
2003-01-01,-0.4,5.44,156.2011,-1.0212222754108824,-0.8,38.7,33.8,105.0,69.3,-5.40860639557836,1.4310896934422335,90395.0,-26.0,91.8,0.002,118.67,1.1471508356134308,281.6915,-2.8,0.8341052631578948
2003-02-01,-0.2,5.24,158.039,-0.8802816901408494,0.0,39.7,34.1,106.9,68.3,-5.336339721909056,1.3407973498548165,91120.0,-26.0,92.0,0.001,119.29,1.1471508356134308,281.6915,-2.8,0.8323684210526315
2003-03-01,-0.1,5.43,159.6187,-0.49229791964428005,-1.3,39.0,33.5,105.6,69.5,-5.764678030303031,1.2517121483510696,91844.0,-26.0,92.0,0.002,118.49,1.1471508356134308,281.6915,-2.8,0.7304
2003-04-01,-0.1,5.46,159.9118,-0.426338228327805,-0.8,36.1,35.4,106.3,70.0,-2.203246890153906,3.477734213126782,91995.0,-26.0,91.8,0.001,119.82,1.255033156102514,282.58959999999996,-2.2,0.6626666666666667
2003-05-01,-0.2,5.43,160.8458,0.06293266205159576,0.6,37.3,36.0,104.9,68.4,-9.221813725490193,5.742852243988161,92145.0,-26.0,91.5,0.001,117.26,1.255033156102514,282.58959999999996,-2.2,0.5789047619047619
2003-06-01,-0.4,5.38,162.684,0.5962654950572688,2.4,41.7,35.2,105.5,70.4,12.455896503795572,8.045914893157091,92296.0,-26.0,91.3,0.001,118.27,1.255033156102514,282.58959999999996,-2.2,0.5524285714285715
2003-07-01,-0.2,5.21,165.9185,0.10982114841544544,-1.9,44.4,36.6,107.1,68.3,1.3995485327313872,6.6726809936527465,94390.0,-21.0,91.6,0.002,118.65,1.237326171614428,282.805,-2.1,0.991090909090909
2003-08-01,-0.3,5.09,167.8747,-0.15696123057604705,-1.9,45.3,38.7,107.4,69.3,-4.178559196255279,5.317922776461548,96485.0,-21.0,91.6,0.001,118.81,1.237326171614428,282.805,-2.1,1.1473333333333333
2003-09-01,-0.2,5.16,172.4285,-0.11018416496143546,0.0,47.9,38.6,109.0,67.6,3.2748809662060125,3.9790442658069525,98579.0,-21.0,91.6,0.002,115.09,1.237326171614428,282.805,-2.1,1.4576
2003-10-01,0.0,5.09,176.7154,-0.28324154209283803,-0.5,51.6,40.3,111.9,65.0,-0.3494594299443037,5.746428122512248,102258.0,-15.0,91.4,0.001,109.58,2.022810440894629,286.021,-1.3,1.4075
2003-11-01,-0.5,5.11,180.5005,-0.36243302867948746,-0.1,49.9,40.0,113.0,69.8,-0.9518282066163692,7.473018698068112,105936.0,-15.0,91.5,0.001,109.18,2.022810440894629,286.021,-1.3,1.3927222222222222
2003-12-01,-0.4,4.91,184.3136,0.2543315848036798,-1.5,50.9,38.2,116.7,65.2,7.693257594467767,9.156059909011915,109615.0,-15.0,91.6,0.001,107.87,2.022810440894629,286.021,-1.3,1.3444761904761906
2004-01-01,-0.3,4.9,184.7063,0.29018216991778534,-1.2,51.5,39.3,117.5,64.6,4.897050639955495,10.221815452011974,111554.0,-5.0,91.8,0.0,106.39,3.0139711297424654,286.5492,-0.7,1.3325263157894738
2004-02-01,0.0,4.95,186.1047,0.2583562086226454,-0.3,51.4,40.2,118.2,65.2,0.7145692735212492,11.300299989655539,113493.0,-5.0,92.0,0.001,106.54,3.0139711297424654,286.5492,-0.7,1.2554736842105263
2004-03-01,-0.1,4.75,187.069,0.20746887966804906,-2.4,51.2,41.5,118.4,64.6,6.293179248838072,12.391516993069573,115432.0,-5.0,92.2,0.001,108.57,3.0139711297424654,286.5492,-0.7,1.3438695652173913
2004-04-01,-0.4,4.78,189.4342,0.7611798287345373,1.0,53.2,42.4,121.2,64.6,-4.635119111781833,12.121865565892431,117077.0,0.0,92.5,0.0,107.31,2.0966133068382797,286.4759,-1.0,1.5036190476190476
2004-05-01,-0.5,4.66,191.4093,0.4559748427672927,0.1,52.0,44.4,121.6,65.3,1.3612329845877014,11.858120091208523,118723.0,0.0,92.5,0.001,112.27,2.0966133068382797,286.4759,-1.0,1.497111111111111
2004-06-01,0.0,4.7,194.1397,-0.5771330525659035,-1.6,51.1,41.6,120.8,64.2,-8.090891804525583,11.602292848353901,120368.0,0.0,92.8,0.001,109.45,2.0966133068382797,286.4759,-1.0,1.758590909090909
2004-07-01,-0.1,4.87,195.6756,-0.12537219871493477,-0.4,53.8,45.8,120.5,62.7,8.348174532502227,13.14687286053724,121241.0,2.0,93.3,0.0,109.34,2.36543818798709,288.4991,-0.7,1.7903809523809524
2004-08-01,-0.2,4.78,197.7315,0.5345071529633705,0.5,49.6,46.1,120.0,65.4,9.16239723579173,14.710442316461458,122115.0,2.0,93.3,0.001,110.41,2.36543818798709,288.4991,-0.7,1.6596363636363636
2004-09-01,0.0,4.61,199.4226,0.36243302867948746,-0.6,46.9,43.4,119.7,64.9,9.12984881530096,16.295412357464855,122988.0,2.0,93.4,0.001,110.05,2.36543818798709,288.4991,-0.7,1.50285
2004-10-01,0.5,4.58,202.4127,0.2367050654884073,-1.1,47.2,45.4,118.8,66.0,0.19736018019185053,12.608712879133076,123307.0,1.0,93.4,0.001,108.9,0.9541945461174262,285.919,-1.3,1.4933
2004-11-01,0.8,4.5,208.6059,-0.015815277558117735,1.3,46.7,45.4,118.9,64.9,-2.2815918441298066,9.126445413669938,123625.0,1.0,93.5,0.001,104.86,0.9541945461174262,285.919,-1.3,1.4788999999999999
2004-12-01,0.2,4.46,211.0285,-0.015855398763275907,-0.7,46.0,42.3,117.4,65.3,-4.598190759978962,5.835854305007904,123944.0,1.0,93.4,0.001,103.82,0.9541945461174262,285.919,-1.3,1.3940000000000001
2005-01-01,-0.1,4.46,209.4093,0.6429834431763481,0.1,47.9,44.8,116.9,67.0,7.5480899952384135,6.3834749913699085,126279.0,-2.0,93.4,0.001,103.27,0.7174436277793461,288.63759999999996,-0.8,1.3675789473684212
2005-02-01,-0.3,4.6,208.1978,0.24158479626348317,0.3,46.8,44.8,115.7,67.4,-3.6701846029741887,6.928825027417895,128614.0,-2.0,93.5,0.001,104.84,0.7174436277793461,288.63759999999996,-0.8,1.3887894736842106
2005-03-01,-0.2,4.5,211.5381,-0.30259595476986867,-0.3,47.0,42.0,117.7,66.4,-3.523111775390092,7.468103623872757,130949.0,-2.0,93.7,0.002,105.3,0.7174436277793461,288.63759999999996,-0.8,1.4349545454545454
2005-04-01,0.0,4.46,214.7268,-0.03147623544224043,0.5,47.4,44.3,118.2,66.9,-2.400601320191697,7.5720526417012435,129242.0,1.0,94.2,0.001,107.35,1.7598954873037531,290.60659999999996,-0.1,1.31385
2005-05-01,0.2,4.5,216.9837,0.7199874784786342,0.4,49.6,44.4,118.2,68.0,1.6925210197255467,7.673769660071028,127535.0,1.0,94.1,0.001,106.94,1.7598954873037531,290.60659999999996,-0.1,1.2776315789473685
2005-06-01,-0.5,4.27,217.619,0.6903043614684634,2.2,50.5,43.3,120.1,66.9,-1.0123200781056738,7.77332580382033,125828.0,1.0,94.0,0.001,108.62,1.7598954873037531,290.60659999999996,-0.1,1.2316363636363636
2005-07-01,-0.3,4.43,217.746,0.5805742978189254,1.6,49.8,45.3,120.7,69.0,2.2491597060360533,8.707800181523728,125879.0,2.0,94.5,0.001,111.94,2.1111077693294567,293.2911,0.6,1.25135
2005-08-01,-0.3,4.31,218.4931,0.15637216575450363,-0.5,49.7,45.5,120.3,68.3,2.8754069978693195,9.629688521404223,125929.0,2.0,94.7,0.001,110.65,2.1111077693294567,293.2911,0.6,1.4129130434782609
2005-09-01,-0.3,4.2,217.2213,1.0676715339927867,1.3,51.0,42.8,122.9,68.1,-3.876714498321988,10.53734772808994,125980.0,2.0,94.8,0.001,111.03,2.1111077693294567,293.2911,0.6,1.3619999999999999
2005-10-01,-0.7,4.42,220.2128,0.8973551637279531,1.9,51.4,45.2,124.4,68.3,5.307499220711037,10.507287809083143,127254.0,5.0,95.0,0.001,114.84,2.7896443153980544,293.76779999999997,0.7,1.52865
2005-11-01,-0.8,4.52,221.1903,0.34799114204364656,1.5,54.4,45.7,125.8,68.4,10.82113184538882,10.477139983413043,128529.0,5.0,95.0,0.001,118.45,2.7896443153980544,293.76779999999997,0.7,1.51855
2005-12-01,-0.1,4.37,223.2602,0.1427212178877202,2.4,57.7,44.5,124.6,68.1,-3.2938349408437517,10.446717757207846,129803.0,5.0,95.2,0.001,118.6,2.7896443153980544,293.76779999999997,0.7,1.5195714285714286
2006-01-01,-0.1,4.41,224.5747,0.1277751157962026,-0.1,55.2,47.0,125.2,68.6,-7.506574193643061,11.237009427757073,130969.0,5.0,95.3,0.001,115.33,2.2366477689710784,293.7714,0.7,1.4635263157894738
2006-02-01,-0.1,4.12,226.6931,0.7712082262210762,0.7,54.8,47.1,128.4,68.2,9.450765570370905,12.013142226355722,132135.0,5.0,95.6,0.001,117.81,2.2366477689710784,293.7714,0.7,1.564
2006-03-01,-0.2,4.14,229.5562,0.7667731629392938,0.6,54.8,44.8,129.6,67.9,-0.3224342030637217,12.775690950444552,133301.0,5.0,95.6,0.002,117.31,2.2366477689710784,293.7714,0.7,1.6770909090909092
2006-04-01,-0.1,4.11,230.0986,0.25188916876575096,0.4,52.2,46.5,127.6,67.3,11.058547410517463,14.090874262508613,132740.0,6.0,95.9,0.002,117.13,1.5442313229256266,294.7652,0.8,1.89325
2006-05-01,0.1,4.08,230.3655,0.20202020202020332,0.6,50.7,45.9,131.6,68.0,2.7922541113854606,15.37620113424094,132179.0,6.0,96.4,0.02,111.53,1.5442313229256266,294.7652,0.8,1.90985
2006-06-01,0.5,4.24,230.5454,0.31162355874103653,0.3,48.3,43.8,130.0,66.8,2.852573658619775,16.631041394625434,131618.0,6.0,96.4,0.036,114.57,1.5442313229256266,294.7652,0.8,1.8604999999999998
2006-07-01,0.3,4.12,232.593,0.17160686427457605,0.0,47.5,45.5,130.6,67.7,-8.836306391035038,14.9932879313732,134253.0,6.0,96.9,0.155,115.59,0.6237354147651919,292.4374,0.7,1.91085
2006-08-01,0.9,4.1,230.7396,0.3434816549570563,-1.5,49.4,44.6,130.9,65.4,2.133492195776384,13.40741158553782,136889.0,6.0,97.2,0.25,115.86,0.6237354147651919,292.4374,0.7,1.819304347826087
2006-09-01,0.6,4.1,229.8455,-0.0932111231940369,-0.8,50.3,43.2,131.7,67.3,2.2685038729416647,11.869436201780426,139524.0,6.0,97.4,0.261,117.02,0.6237354147651919,292.4374,0.7,1.6713999999999998
2006-10-01,0.4,4.08,227.2303,0.4368856295833945,-0.8,51.5,45.4,131.3,67.1,0.08596611707345403,13.675295316330761,140134.0,8.0,96.9,0.254,118.59,1.6893272249976832,297.058,1.9,1.7560952380952382
2006-11-01,0.3,4.0,227.272,1.0403530895334079,-0.3,50.4,46.1,132.4,67.5,3.108114849836369,15.49470119871903,140744.0,8.0,96.8,0.257,117.33,1.6893272249976832,297.058,1.9,1.70985
2006-12-01,0.3,4.0,225.7131,0.6175771971496546,-0.5,51.4,44.2,132.7,67.7,10.578047569820995,17.324348794538768,141354.0,8.0,96.8,0.255,117.26,1.6893272249976832,297.058,1.9,1.6381904761904762
2007-01-01,0.0,4.02,225.2231,0.1435635667570656,-1.2,50.9,46.0,136.7,67.0,0.2559893630879486,15.854869991642872,143766.0,8.0,96.8,0.267,120.59,2.340331109164495,296.13,2.5,1.7066315789473685
2007-02-01,-0.2,4.02,224.0034,0.4783163265306145,-1.0,50.8,46.0,128.3,68.0,-7.376397124206974,14.430821758361144,146179.0,8.0,96.8,0.357,120.49,2.340331109164495,296.13,2.5,1.7107368421052631
2007-03-01,-0.1,4.01,223.2815,0.6816740646797825,-0.2,48.3,43.9,131.0,69.7,4.977606558714754,13.05184834340456,148591.0,8.0,96.8,0.509,117.29,2.340331109164495,296.13,2.5,1.6190000000000002
2007-04-01,0.0,3.84,223.7602,1.193467336683418,-0.4,46.7,44.2,134.2,68.8,-2.410941156755811,6.98455339153794,145747.0,7.0,97.7,0.511,118.81,2.2171329929328687,298.72709999999995,2.6,1.6746500000000002
2007-05-01,0.0,3.78,223.2406,0.7909429280396951,-0.3,45.5,43.5,135.4,66.6,-11.9515245100756,1.1916569428237933,142903.0,7.0,97.9,0.521,120.77,2.2171329929328687,298.72709999999995,2.6,1.6816190476190476
2007-06-01,-0.2,3.65,222.7944,0.8232370301335834,-0.9,45.0,41.6,136.1,68.4,2.899337503011324,-4.34360938179692,140059.0,7.0,98.0,0.51,122.64,2.2171329929328687,298.72709999999995,2.6,1.8807619047619049
2007-07-01,0.0,3.6,220.6764,0.5762342314281188,-2.0,43.2,41.4,133.8,67.6,-23.345642731081682,-3.0529949816706425,139716.0,4.0,98.6,0.499,121.56,1.5608126853249527,295.2722,1.9,1.8846666666666667
2007-08-01,-0.2,3.72,217.918,0.2956278201338147,0.5,43.0,41.2,139.1,66.6,-41.13100448203353,-1.7684841767205195,139373.0,4.0,98.7,0.485,116.74,1.5608126853249527,295.2722,1.9,1.6718260869565216
2007-09-01,-0.2,3.93,214.4207,-0.1399471310838174,-0.6,42.2,40.9,137.6,70.0,-38.44991459692842,-0.4872409537723943,139030.0,4.0,98.6,0.51,115.01,1.5608126853249527,295.2722,1.9,1.6095
2007-10-01,0.3,3.97,209.8918,-0.2019574335870744,-0.7,42.6,40.1,141.9,65.0,-29.416242783030214,-2.750546187888636,136664.0,2.0,98.9,0.506,115.77,0.7813542037871546,296.79909999999995,2.4,1.6602727272727273
2007-11-01,0.6,3.81,204.4983,0.35881435257409944,-0.9,40.6,37.9,141.1,67.0,-26.674800792631217,-4.957854777034831,134298.0,2.0,99.1,0.5,111.24,0.7813542037871546,296.79909999999995,2.4,1.530714285714286
2007-12-01,0.7,3.74,202.4273,0.6610009442870712,-3.1,39.6,36.8,143.1,67.4,-20.256139077112593,-7.109930409959775,131932.0,2.0,99.4,0.497,112.28,0.7813542037871546,296.79909999999995,2.4,1.5267368421052632
2008-01-01,0.7,3.92,199.2321,0.6849315068493178,-0.1,36.0,36.2,144.3,67.3,-7.417889327474498,-6.763617061817784,130838.0,-4.0,99.7,0.502,107.6,0.2698092721889811,297.285,2.6,1.4272105263157895
2008-02-01,1.0,4.01,197.942,-0.15867978419549233,-0.4,35.3,35.2,141.2,65.8,-8.220477712113492,-6.4197413658649065,129745.0,-4.0,100.2,0.504,107.18,0.2698092721889811,297.285,2.6,1.4535
2008-03-01,1.2,3.84,193.1098,-0.2361832782239004,-0.4,34.5,34.7,144.1,66.7,-13.132746648947673,-6.0782776749152,128651.0,-4.0,100.7,0.511,100.83,0.2698092721889811,297.285,2.6,1.30875
2008-04-01,0.8,3.93,191.7256,-0.2327746741154546,-1.0,32.3,32.7,140.3,68.8,-10.73125310613446,-6.413475622515175,128585.0,-7.0,101.6,0.506,102.41,-0.3626712343132499,294.1313,2.1,1.4092380952380954
2008-05-01,1.3,3.95,191.6741,-0.3231266348668993,-1.2,30.2,31.0,141.6,69.5,-8.072077482027055,-6.771696671807659,128518.0,-7.0,102.8,0.505,104.11,-0.3626712343132499,294.1313,2.1,1.67655
2008-06-01,2.0,3.99,188.4525,-0.6162378678169822,-2.3,27.9,29.9,138.7,72.2,-18.390143137007072,-7.153826656130258,128452.0,-7.0,103.7,0.509,106.86,-0.3626712343132499,294.1313,2.1,1.7531428571428573
2008-07-01,2.3,3.94,184.2536,-0.8052028491793095,-3.1,27.2,28.8,140.5,69.6,15.889363829945395,-9.388675144644488,121807.0,-14.0,106.0,0.503,106.76,-0.8197688859385766,293.4983,0.9,1.6120909090909092
2008-08-01,2.1,4.06,179.8183,-0.6360533664287904,-2.9,27.3,27.8,139.1,76.1,45.063221448442164,-11.55707290257716,115161.0,-14.0,106.1,0.504,109.24,-0.8197688859385766,293.4983,0.9,1.4694285714285715
2008-09-01,2.1,3.97,174.3106,-0.4515727187791918,-2.7,27.5,28.8,136.9,75.4,41.11326940866962,-13.661794157264929,108516.0,-14.0,105.4,0.495,106.71,-0.8197688859385766,293.4983,0.9,1.48595
2008-10-01,1.7,3.79,169.8829,-0.5603985056039873,-2.4,24.3,27.4,129.7,78.0,9.895592281803218,-14.89991359447005,90569.0,-24.0,103.4,0.487,100.2,-3.7214263365287548,289.4276,-1.5,1.5057272727272726
2008-11-01,1.0,3.99,166.0703,-0.6528835690968404,-2.3,23.5,27.1,112.5,93.4,-3.425056850965376,-16.163085944604905,72622.0,-24.0,101.5,0.301,96.89,-3.7214263365287548,289.4276,-1.5,1.4770555555555556
2008-12-01,0.4,4.38,163.2549,-1.0162601626016232,-1.8,19.1,25.9,100.6,107.0,-7.939051344158841,-17.453572321310418,54675.0,-24.0,100.2,0.211,91.21,-3.7214263365287548,289.4276,-1.5,1.3196666666666668
2009-01-01,0.0,4.27,157.3556,-0.45878816642935805,-2.5,21.6,25.8,83.3,111.7,-18.687756415413077,-19.909640972490863,42540.0,-46.0,98.7,0.12,90.35,-8.184222659794493,291.2238,-5.9,1.2584736842105264
2009-02-01,-0.1,4.55,147.8657,-0.42911633820724715,-2.2,21.2,26.0,79.7,120.2,-20.905914049422023,-22.32971014492754,30406.0,-46.0,98.2,0.111,92.53,-8.184222659794493,291.2238,-5.9,1.3071052631578948
2009-03-01,-0.3,4.84,138.5425,-1.4362373737373701,-3.4,25.6,27.6,85.4,107.9,-22.86517552733939,-24.71598880503054,18271.0,-46.0,98.0,0.1,97.83,-8.184222659794493,291.2238,-5.9,1.300095238095238
2009-04-01,-0.1,4.95,132.2538,-1.6643334888785222,-2.4,30.5,30.2,90.2,98.9,-31.48926176529136,-23.055710825414565,30249.0,-45.0,97.4,0.104,98.92,-6.7094221331106985,289.77790000000005,-4.9,1.431142857142857
2009-05-01,-1.1,5.11,126.5807,-2.0994133991972808,-1.2,34.5,32.8,94.1,94.3,-28.11416809457893,-21.27197390188469,42228.0,-45.0,97.0,0.102,96.43,-6.7094221331106985,289.77790000000005,-4.9,1.4501111111111111
2009-06-01,-1.8,5.24,125.3045,-2.3407223686250145,-5.4,40.4,34.3,98.4,87.5,-28.0816980289232,-19.350098761863464,54206.0,-45.0,96.7,0.104,96.58,-6.7094221331106985,289.77790000000005,-4.9,1.4682727272727272
2009-07-01,-2.2,5.5,123.9506,-2.1230096784264796,-2.9,39.7,36.3,100.4,82.4,-27.646763635506503,-19.883476893905627,62781.0,-38.0,97.1,0.102,94.49,-6.270429932780653,289.12829999999997,-5.5,1.3538181818181818
2009-08-01,-2.2,5.4,123.4348,-1.7017954722872708,0.0,40.7,37.0,104.3,83.6,-33.471557387189506,-20.426906563075033,71356.0,-38.0,97.0,0.106,94.9,-6.270429932780653,289.12829999999997,-5.5,1.3899047619047618
2009-09-01,-2.2,5.37,124.5315,-1.5329266385108675,0.7,43.5,37.4,105.9,78.5,-33.9720013656693,-20.98033712502683,79931.0,-38.0,97.1,0.102,91.4,-6.270429932780653,289.12829999999997,-5.5,1.3158947368421052
2009-10-01,-2.5,5.19,124.3142,-1.8315591734502146,1.0,43.4,37.8,113.1,75.1,-21.517553339360646,-19.18485112575833,85297.0,-32.0,96.4,0.106,90.28,-2.4519294304528927,292.6673,-4.0,1.334142857142857
2009-11-01,-1.9,5.23,124.2961,-2.0497574714442135,-0.1,36.8,37.8,113.1,75.2,-12.715937800783351,-17.29799623371777,90663.0,-32.0,96.4,0.105,89.11,-2.4519294304528927,292.6673,-4.0,1.3668421052631579
2009-12-01,-1.7,5.16,125.0072,-1.705891644290003,-4.2,38.6,36.6,113.7,71.0,-10.165380037278453,-15.311102798411092,96029.0,-32.0,96.5,0.101,89.52,-2.4519294304528927,292.6673,-4.0,1.2626666666666666
2010-01-01,-1.3,5.04,126.4503,-1.25556261919898,0.8,43.0,37.7,118.7,70.2,-3.426960952491669,-13.834741321960065,95095.0,-24.0,97.1,0.096,91.26,3.3396850389951327,294.5103,-2.9,1.3356315789473683
2010-02-01,-1.1,5.0,128.4646,-1.276935355147646,0.0,43.5,38.2,115.3,74.2,-7.96067938188007,-12.288100013994496,94162.0,-24.0,97.1,0.101,90.28,3.3396850389951327,294.5103,-2.9,1.3493157894736842
2010-03-01,-1.1,5.08,131.3036,-0.5604483586869491,1.8,44.3,38.9,121.4,67.6,0.959131306365208,-10.666297138706781,93228.0,-24.0,97.1,0.097,90.56,3.3396850389951327,294.5103,-2.9,1.3444545454545453
2010-04-01,-1.2,5.08,133.9155,-0.8383422967415344,2.8,45.6,39.4,124.0,68.8,5.673855641262122,-7.511623401782252,101661.0,-15.0,97.4,0.093,93.43,3.605761307183375,297.23659999999995,-1.7,1.357952380952381
2010-05-01,-0.9,5.12,135.8197,-0.7410911384421293,0.7,45.3,39.5,124.2,70.0,0.45176449636142024,-4.270382262546524,110095.0,-15.0,97.4,0.091,91.79,3.605761307183375,297.23659999999995,-1.7,1.2926666666666666
2010-06-01,-0.7,5.17,138.9704,-0.31746031746031633,2.8,45.7,39.7,123.3,69.4,5.478253423245945,-0.9388409346594573,118528.0,-15.0,97.1,0.095,90.89,3.605761307183375,297.23659999999995,-1.7,1.2065
2010-07-01,-0.9,5.03,141.6435,0.015948963317380382,2.4,47.1,39.7,124.9,69.8,5.973249668389997,1.517128379403454,117834.0,-10.0,97.1,0.094,87.67,6.0838355044437575,301.91159999999996,0.0,1.1065238095238097
2010-08-01,-0.9,5.06,144.605,-0.2858958068615025,1.2,44.4,39.2,117.8,70.5,19.713898657386906,4.0524985097329935,117141.0,-10.0,97.0,0.095,85.44,6.0838355044437575,301.91159999999996,0.0,1.002
2010-09-01,-0.6,5.11,146.8529,0.2223987291501084,1.8,42.4,38.2,123.2,70.7,20.26762023289237,6.671123832605552,116447.0,-10.0,97.0,0.091,84.31,6.0838355044437575,301.91159999999996,0.0,1.06205
2010-10-01,0.2,5.07,149.9634,0.23919630043054418,0.5,43.5,38.3,123.4,74.5,10.074808266103744,5.828525959816999,118975.0,-11.0,96.9,0.091,81.8,3.5095067809504554,297.31809999999996,-1.0,0.8991
2010-11-01,0.1,5.03,152.7674,-0.12779552715654896,0.3,47.0,38.8,125.3,70.5,10.233865498301412,4.982161594963275,121504.0,-11.0,96.8,0.091,82.43,3.5095067809504554,297.31809999999996,-1.0,1.0534
2010-12-01,0.0,4.87,154.283,0.14462477904546578,0.4,47.7,39.0,127.7,72.1,12.791751094508626,4.13200542660932,124032.0,-11.0,97.3,0.087,83.38,3.5095067809504554,297.31809999999996,-1.0,1.1905238095238095
2011-01-01,-0.6,4.83,156.8885,0.0,1.0,47.7,39.2,123.5,71.5,7.283602523535819,4.156530936012692,118548.0,-9.0,97.7,0.085,82.63,0.7722657839967617,291.0936,-2.6,1.2137368421052632
2011-02-01,-0.5,4.68,160.3238,0.5497170573969257,0.8,49.1,38.7,127.3,74.5,12.010712200229563,4.181292147977955,113063.0,-9.0,97.8,0.093,82.52,0.7722657839967617,291.0936,-2.6,1.2900526315789473
2011-03-01,-0.5,4.69,160.6821,,0.3,24.0,36.2,115.3,80.1,-0.49316281277586427,4.20638231864523,107579.0,-9.0,98.3,0.085,81.82,0.7722657839967617,291.0936,-2.6,1.248590909090909
2011-04-01,-0.4,4.67,161.1058,,-1.4,24.0,31.2,107.2,84.6,1.0568793299514425,0.23040268104936867,102109.0,-18.0,99.1,0.062,83.34,-1.2340790340073293,294.5028,-3.3,1.2733
2011-05-01,-0.4,4.62,159.4735,,1.6,33.4,32.1,113.8,93.1,5.853465011288733,-3.580806630287614,96638.0,-18.0,98.9,0.069,81.23,-1.2340790340073293,294.5028,-3.3,1.1543684210526315
2011-06-01,-0.4,4.7,163.1485,,-0.5,48.1,33.1,117.8,83.1,4.607791221796532,-7.239195979899494,91168.0,-18.0,98.9,0.069,80.49,-1.2340790340073293,294.5028,-3.3,1.1302272727272726
2011-07-01,0.2,4.7,167.0166,,-0.7,50.2,34.6,118.4,84.1,22.539329613150727,-7.686483147522694,96807.0,-9.0,99.2,0.073,79.44,-0.579215517130649,297.4395,-1.1,1.1228
2011-08-01,0.2,4.47,170.7263,,-0.5,47.3,34.7,117.9,81.6,14.474883180603399,-8.124178939362514,102446.0,-9.0,99.1,0.081,77.09,-0.579215517130649,297.4395,-1.1,1.045695652173913
2011-09-01,0.0,4.24,173.4221,-0.5230622919638606,-0.4,47.1,35.9,121.7,83.3,-10.263473645416582,-8.556291131306804,108085.0,-9.0,98.9,0.08,76.78,-0.579215517130649,297.4395,-1.1,1.0070000000000001
2011-10-01,-0.2,4.43,176.0777,-0.3499840916321939,0.2,49.8,36.4,118.0,84.4,-5.804693117257926,-3.2360506529481636,107662.0,-7.0,98.1,0.081,76.72,0.317571613694545,300.5933,-1.3,1.0148
2011-11-01,-0.5,4.45,178.3199,0.1279590531030106,0.0,48.7,36.3,115.8,84.9,-0.05485465211660312,2.1949464257156492,107238.0,-7.0,98.0,0.077,77.5,0.317571613694545,300.5933,-1.3,1.0039
2011-12-01,-0.2,4.51,180.6783,-0.16046213093710016,0.2,49.0,36.8,116.5,82.6,-7.305280725767204,7.738143330370839,106815.0,-7.0,98.0,0.078,77.81,0.317571613694545,300.5933,-1.3,1.008142857142857
2012-01-01,0.1,4.53,182.9768,-0.032190568163525946,-1.4,46.4,37.5,113.4,83.7,-2.740300637109499,6.304833468724613,108200.0,-6.0,97.9,0.08,76.94,3.312272096722535,301.30890000000005,0.0,0.9824736842105262
2012-02-01,0.3,4.49,185.5017,0.11255828911400645,-0.2,45.8,37.4,116.6,80.2,6.7760087208068995,4.8557864107407145,109584.0,-6.0,98.1,0.085,78.47,3.312272096722535,301.30890000000005,0.0,0.981904761904762
2012-03-01,0.5,4.51,188.5474,,0.1,47.6,37.6,117.5,79.9,3.0849611686432326,3.3908571076594507,110969.0,-6.0,98.6,0.084,82.37,3.312272096722535,301.30890000000005,0.0,1.0012380952380953
2012-04-01,0.4,4.49,191.7479,,-0.3,46.7,37.4,115.8,80.6,7.249696140555599,4.740609163575571,108574.0,-4.0,98.4,0.075,81.42,3.02626601252336,302.0452,-1.1,0.9606999999999999
2012-05-01,0.2,4.4,192.906,,-1.7,44.9,37.8,119.9,79.1,8.957021651428292,6.139296390463933,106178.0,-4.0,98.0,0.084,79.7,3.02626601252336,302.0452,-1.1,0.8741428571428571
2012-06-01,-0.2,4.33,195.5644,,-0.5,42.8,37.6,114.2,81.2,-0.3806351777103032,7.589629132041131,103783.0,-4.0,97.5,0.076,79.27,3.02626601252336,302.0452,-1.1,0.8415238095238096
2012-07-01,-0.4,4.34,196.2348,,-1.3,42.4,37.4,111.3,83.5,-9.59802439246279,6.307200828872395,103744.0,-6.0,97.1,0.084,78.96,0.21856251659395642,302.5144,-1.7,0.7781904761904761
2012-08-01,-0.4,4.21,196.4226,,0.3,44.3,37.9,110.0,83.7,-7.713410997574655,5.03461770018061,103705.0,-6.0,97.2,0.086,78.68,0.21856251659395642,302.5144,-1.7,0.8150869565217391
2012-09-01,-0.3,4.23,196.1789,0.5098789037603524,-0.6,43.5,37.8,109.1,85.4,12.582915709862803,3.7718875502008142,103666.0,-6.0,97.5,0.085,78.17,0.21856251659395642,302.5144,-1.7,0.7981052631578948
2012-10-01,-0.4,4.14,197.3279,0.9099616858237569,-0.2,42.9,37.6,106.8,84.5,20.09738829765459,-0.6696725250232571,102525.0,-9.0,97.1,0.085,78.97,0.13145961730145483,304.055,-2.0,0.7759545454545456
2012-11-01,-0.2,4.12,197.604,0.5910543130990487,-1.0,43.3,37.7,105.5,84.6,8.489721245225908,-4.726927741481157,101383.0,-9.0,97.0,0.086,80.92,0.13145961730145483,304.055,-2.0,0.7554761904761905
2012-12-01,-0.1,4.27,199.3901,0.0964320154291265,-1.9,46.9,37.5,106.0,84.5,8.373444467662637,-8.44597761487842,100242.0,-9.0,97.4,0.082,83.6,0.13145961730145483,304.055,-2.0,0.7374210526315789
2013-01-01,-0.3,4.22,200.616,0.27370793753018763,0.0,51.1,40.6,109.2,86.4,7.186323612739628,-7.216613015694106,104429.0,-8.0,97.6,0.083,89.15,-0.12165945936876144,308.8682,-1.0,0.7777368421052632
2013-02-01,-0.7,4.28,202.8014,0.25698682942498774,-0.6,52.6,41.5,105.7,84.8,3.5173357410774884,-5.940545856418145,108617.0,-8.0,98.0,0.087,93.07,-0.12165945936876144,308.8682,-1.0,0.7547894736842106
2013-03-01,-0.9,4.13,205.1864,0.49879324215607035,-0.3,53.2,42.1,110.5,82.2,6.43499547027335,-4.61315434109143,112804.0,-8.0,98.1,0.078,94.73,-0.12165945936876144,308.8682,-1.0,0.60465
2013-04-01,-0.7,4.14,206.7233,0.5896414342629441,0.3,52.8,44.8,110.1,82.1,6.430749268113203,-3.0925161110113564,113543.0,-2.0,98.5,0.072,97.74,1.8618879394446841,310.9468,-0.2,0.5757619047619047
2013-05-01,-0.3,4.13,208.5142,0.6828648562807738,0.0,53.7,45.2,115.3,81.5,13.03489523303125,-1.5575512167742445,114283.0,-2.0,98.6,0.073,101.01,1.8618879394446841,310.9468,-0.2,0.787
2013-06-01,0.2,3.92,211.5152,0.46002538071066024,0.1,52.7,43.7,110.5,81.3,15.24738400137015,-0.00805623250287324,115022.0,-2.0,98.6,0.074,97.52,1.8618879394446841,310.9468,-0.2,0.8452500000000001
2013-07-01,0.7,3.84,213.2089,0.5416600286761275,-1.2,51.0,43.5,111.2,79.6,11.224034039390915,0.370558375634511,119452.0,2.0,99.1,0.073,99.66,3.231493294976029,312.52590000000004,0.5,0.826409090909091
2013-08-01,0.9,4.09,214.735,0.46170991880274403,-2.2,52.2,42.7,112.3,79.9,9.850556855274874,0.7543577723415851,123882.0,2.0,99.4,0.073,97.83,3.231493294976029,312.52590000000004,0.5,0.7612727272727273
2013-09-01,1.1,3.94,217.6974,0.8084971464806578,-1.8,54.9,45.5,110.1,79.8,18.09054282158553,1.1455463017430834,128312.0,2.0,99.7,0.072,99.3,3.231493294976029,312.52590000000004,0.5,0.7213684210526315
2013-10-01,1.1,4.01,219.1087,0.711912672045556,-1.8,55.3,41.7,109.9,79.7,9.439109599476652,1.5387940795026367,128836.0,8.0,99.5,0.07,97.73,3.146308671636233,311.767,0.1,0.6363181818181819
2013-11-01,1.5,3.9,221.4663,1.1751627759250427,-1.6,56.4,42.9,111.3,77.6,15.206255465114538,1.9309934196343415,129361.0,8.0,99.5,0.073,100.04,3.146308671636233,311.767,0.1,0.61735
2013-12-01,1.6,3.67,223.4741,1.4611432241490085,-1.2,56.0,41.6,110.3,78.3,17.134779579686537,2.3201048449850603,129885.0,8.0,99.8,0.074,103.42,3.146308671636233,311.767,0.1,0.66905
2014-01-01,1.4,3.66,225.0396,0.5459216441875414,-2.0,55.6,40.3,108.4,78.2,10.494741000080964,3.373689954084047,135539.0,12.0,100.0,0.073,103.94,2.895428954215684,318.145,0.8,0.6664736842105263
2014-02-01,1.5,3.58,225.3407,0.6568407561678979,-2.3,52.3,38.6,110.8,78.8,-2.359317332295916,4.439958592132509,141193.0,12.0,99.8,0.077,102.02,2.895428954215684,318.145,0.8,0.606421052631579
2014-03-01,1.6,3.65,225.7332,0.8325328210054384,-1.5,54.2,37.2,108.9,79.2,-6.249903906279101,5.517040368080273,146847.0,12.0,99.8,0.072,102.3,2.895428954215684,318.145,0.8,0.6148
2014-04-01,3.4,3.63,227.0417,0.4119138149556445,-3.6,38.7,37.3,110.3,80.1,-6.891468427187945,4.360626711412152,140386.0,7.0,102.7,0.065,102.54,0.40319773735690845,303.7755,-0.8,0.6161428571428571
2014-05-01,3.7,3.56,228.7424,0.9148264984227161,-4.1,43.5,39.0,110.7,80.7,-19.398510488584833,3.228532448227406,133926.0,7.0,103.0,0.068,101.78,0.40319773735690845,303.7755,-0.8,0.60465
2014-06-01,3.6,3.68,230.2919,0.8842570661613758,-3.3,47.7,40.4,110.4,81.2,-13.589310231346573,2.1219811871814986,127465.0,7.0,103.1,0.067,102.05,0.40319773735690845,303.7755,-0.8,0.5872857142857143
2014-07-01,3.4,3.73,228.8829,0.7288860719378842,-1.8,50.4,41.5,111.0,81.0,-18.17344608960559,2.765387144085363,129714.0,4.0,103.5,0.066,101.73,-0.35285852141476726,305.9108,-0.9,0.5453636363636364
2014-08-01,3.3,3.46,228.2854,0.8399366085578341,-3.5,48.6,40.8,111.1,82.3,-16.89142298817265,3.413385346824338,131964.0,4.0,103.4,0.069,102.95,-0.35285852141476726,305.9108,-0.9,0.5217619047619048
2014-09-01,3.2,3.52,228.0741,0.6762069507784352,-3.4,49.3,40.1,112.2,81.9,-18.6077641009976,4.06807677002663,134213.0,4.0,103.3,0.066,107.16,-0.35285852141476726,305.9108,-0.9,0.53445
2014-10-01,2.9,3.57,228.4413,0.37700282752120007,-3.4,46.7,39.3,114.1,81.5,-17.63978558174179,3.2042899573234473,135618.0,5.0,102.3,0.059,108.03,0.36067858537729425,306.5523,-0.6,0.49172727272727274
2014-11-01,2.4,3.43,229.4745,0.0,-3.2,43.6,38.2,111.7,82.8,-20.68561044762278,2.3506425492486827,137024.0,5.0,102.1,0.065,116.24,0.36067858537729425,306.5523,-0.6,0.476
2014-12-01,2.4,3.39,228.9037,0.6013609748377835,-2.1,44.9,39.0,113.3,84.1,-19.51766570137832,1.5089959373186357,138429.0,5.0,101.6,0.068,119.29,0.36067858537729425,306.5523,-0.6,0.3789047619047619
2015-01-01,2.4,3.55,231.5189,0.7505589268604229,-2.1,46.1,39.0,118.7,83.0,-17.327667967397502,2.9050602025674443,141197.0,7.0,100.3,0.074,118.25,0.9269424501097356,308.7301,0.7,0.26863157894736844
2015-02-01,2.2,3.47,233.7333,0.6207225847524978,-2.4,49.8,40.8,107.6,84.5,-6.324362958949308,4.2868895518837435,143965.0,7.0,100.3,0.076,118.59,0.9269424501097356,308.7301,0.7,0.3788421052631579
2015-03-01,2.3,3.4,232.9289,0.33343918704351605,-2.6,49.0,41.3,112.0,85.2,-2.087243826422636,5.65672908075685,146733.0,7.0,100.5,0.07,120.37,0.9269424501097356,308.7301,0.7,0.3744090909090909
2015-04-01,0.6,3.36,232.9485,0.0631113916061743,0.0,51.3,41.9,112.1,84.7,-2.438076349001477,5.447927558247345,148743.0,7.0,100.5,0.061,119.57,2.457912770391779,308.8589,0.5,0.33185714285714285
2015-05-01,0.5,3.31,233.7505,0.03125976867770497,0.2,52.3,41.4,109.2,83.6,3.4724671233236677,5.24119973567152,150753.0,7.0,100.7,0.069,120.82,2.457912770391779,308.8589,0.5,0.418
2015-06-01,0.4,3.36,234.9184,0.5634684614180596,-2.8,51.5,41.6,109.4,84.4,11.54555858124688,5.0324947485725025,152763.0,7.0,100.6,0.072,123.7,2.457912770391779,308.8589,0.5,0.46281818181818185
2015-07-01,0.2,3.34,237.3101,0.3775365738555969,0.4,50.9,41.0,110.3,85.0,4.561419669674962,6.757940530910744,151527.0,8.0,100.2,0.074,123.31,2.408849921730094,309.9565,0.4,0.4380909090909091
2015-08-01,0.2,3.36,241.0405,0.25145371680024287,0.1,50.3,41.7,107.5,86.5,3.4351473843902767,8.476757436441517,150292.0,8.0,99.5,0.076,123.17,2.408849921730094,309.9565,0.4,0.3932857142857143
2015-09-01,0.0,3.4,240.9069,0.5779443923773719,0.3,49.2,40.8,108.1,85.0,0.5882814178790312,10.1888346373316,149056.0,8.0,99.1,0.073,120.13,2.408849921730094,309.9565,0.4,0.35536842105263156
2015-10-01,0.3,3.19,242.0636,0.657276995305156,0.2,50.3,41.6,108.8,84.1,-3.608323594427148,9.491209115018172,148919.0,9.0,98.4,0.076,119.99,1.6210219815384175,308.221,0.0,0.31842857142857145
2015-11-01,0.3,3.25,244.2942,0.1255689844608332,0.0,47.0,42.4,109.1,86.1,2.6809024568927384,8.792041406726625,148783.0,9.0,98.4,0.078,122.58,1.6210219815384175,308.221,0.0,0.31926315789473686
2015-12-01,0.2,3.26,245.5057,0.44045933616485566,-0.4,47.7,42.3,107.0,86.9,-3.4336981779572824,8.089351550639767,148646.0,9.0,98.0,0.075,121.78,1.6210219815384175,308.221,0.0,0.2926666666666667
2016-01-01,-0.1,3.22,245.666,1.4265335235378096,0.0,47.2,42.0,109.1,86.9,-2.158723724116257,6.670989470424282,147341.0,7.0,96.9,0.074,118.18,0.8931108213412253,308.6059,0.6,0.22310526315789472
2016-02-01,0.2,3.28,248.3308,0.4587155963302836,0.5,44.5,40.0,106.4,86.6,5.1925278041582885,5.3044271674872245,146036.0,7.0,96.6,0.033,115.01,0.8931108213412253,308.6059,0.6,0.0249
2016-03-01,0.0,3.23,249.4112,0.31650577623041354,1.4,43.2,41.3,108.3,86.4,6.240790967105369,3.985060690943043,144731.0,7.0,96.5,-0.003,113.05,0.8931108213412253,308.6059,0.6,-0.06318181818181819
2016-04-01,-0.3,3.21,250.874,0.8514664143803197,0.2,41.8,41.1,106.4,86.0,4.775623906836628,4.14869832835989,143521.0,4.0,96.1,-0.037,109.72,0.4712112834952764,306.3628,0.1,-0.09235
2016-05-01,-0.5,3.17,251.4611,0.7187499999999902,0.5,42.6,41.0,109.7,86.9,8.85731193189963,4.311031554876621,142312.0,4.0,96.1,-0.059,109.24,0.4712112834952764,306.3628,0.1,-0.10421052631578948
2016-06-01,-0.4,3.12,252.3887,1.1206225680933768,2.0,42.1,41.9,110.4,85.8,-3.0293009617077757,4.4758882295500735,141102.0,4.0,96.1,-0.055,105.44,0.4712112834952764,306.3628,0.1,-0.1633181818181818
2016-07-01,-0.4,3.02,253.5957,1.535809434257951,1.8,44.8,41.6,109.3,84.4,6.183831082751752,2.7879961277831544,142659.0,5.0,96.0,-0.043,103.97,0.5538808816479834,307.77570000000003,0.1,-0.25884999999999997
2016-08-01,-0.5,3.13,254.8212,1.3481736949365164,0.7,46.5,42.2,107.6,83.3,2.279191549155186,1.1600633914421454,144217.0,5.0,95.7,-0.043,101.28,0.5538808816479834,307.77570000000003,0.1,-0.08131818181818183
2016-09-01,-0.5,3.02,255.8896,0.9007609877310196,0.7,45.8,43.1,113.0,84.1,6.6589368336656065,-0.4110832310074253,145774.0,5.0,95.8,-0.052,101.99,0.5538808816479834,307.77570000000003,0.1,-0.0475
2016-10-01,0.1,2.97,257.0082,0.9794776119403048,0.2,47.6,42.4,111.4,81.2,9.015148984658168,1.1078915970683445,150521.0,7.0,95.7,-0.037,103.81,0.7633827890749512,308.23359999999997,-0.1,-0.0591
2016-11-01,0.5,3.02,257.6282,1.1443799968647195,0.2,48.7,40.8,113.8,78.3,2.8907244617745818,2.6519297039643286,155267.0,7.0,96.1,-0.049,108.33,0.7633827890749512,308.23359999999997,-0.1,-0.007549999999999999
2016-12-01,0.3,3.04,258.6968,1.2685982772122184,0.4,49.7,42.7,114.1,78.5,3.895540236144228,4.221691230118196,160014.0,7.0,96.8,-0.044,116.01,0.7633827890749512,308.23359999999997,-0.1,0.053
2017-01-01,0.4,3.01,260.7674,1.1095483669323336,0.1,49.2,42.7,113.4,79.4,14.475363046619577,4.058210322896727,161071.0,10.0,97.4,-0.045,114.69,0.6348092505962466,309.1972,0.4,0.0628421052631579
2017-02-01,0.3,2.9,263.3961,1.1966619430010983,-0.1,48.8,42.9,116.4,79.6,-2.5036042631472952,3.89548264813393,162127.0,10.0,97.6,-0.038,113.13,0.6348092505962466,309.1972,0.4,0.09025
2017-03-01,0.2,2.78,265.2325,1.4828837356049895,-0.3,48.9,43.8,115.9,80.0,-1.9711975659090797,3.735363838804684,163184.0,10.0,97.9,-0.042,113.02,0.6348092505962466,309.1972,0.4,0.06868181818181819
2017-04-01,0.4,2.78,266.4929,1.6260162601626105,0.1,49.2,43.5,111.0,79.9,3.0292233134131976,2.9002299346123417,162916.0,12.0,98.1,-0.054,110.08,1.2854358401064525,311.1462,0.6,0.02955
2017-05-01,0.4,3.04,266.5928,1.5668631709587322,0.1,50.2,43.7,116.0,80.4,-1.6243292712311899,2.0646343764318953,162649.0,12.0,98.1,-0.053,112.24,1.2854358401064525,311.1462,0.6,0.0435
2017-06-01,0.4,2.81,268.3967,1.3236878559335086,-0.1,50.9,43.3,116.2,80.2,1.5257061241377983,1.2285321422472961,162381.0,12.0,98.2,-0.056,110.89,1.2854358401064525,311.1462,0.6,0.052909090909090906
2017-07-01,0.4,2.81,269.4781,1.2964963728970602,-1.0,51.1,44.1,116.1,80.8,-3.193501900025012,1.85489151396101,163478.0,15.0,98.4,-0.054,112.5,2.2185407336544616,310.20059999999995,1.6,0.0791
2017-08-01,0.7,2.75,271.3258,1.6705336426914075,-0.1,50.3,43.7,118.9,79.5,-3.9328219200391885,2.4806187671208457,164575.0,15.0,98.4,-0.049,109.9,2.2185407336544616,310.20059999999995,1.6,0.044954545454545455
2017-09-01,0.7,2.77,273.0045,1.5237802062490369,-0.1,50.2,44.1,117.3,81.1,-3.947121963174439,3.102104999821309,165672.0,15.0,98.7,-0.058,110.67,2.2185407336544616,310.20059999999995,1.6,0.020950000000000003
2017-10-01,0.2,2.72,274.7694,1.3240954580446607,0.0,50.6,44.6,116.6,84.1,-5.401731231836266,3.167477020264764,169008.0,16.0,99.1,-0.037,112.94,2.365086444599984,311.5146,1.6,0.06533333333333334
2017-11-01,0.6,2.71,275.0634,1.5499070055796649,0.2,51.6,44.5,119.7,79.8,-1.2391085011672942,3.231036275365007,172345.0,16.0,99.5,-0.048,112.89,2.365086444599984,311.5146,1.6,0.04055
2017-12-01,1.0,2.71,276.47,1.1753789050417573,-0.4,52.3,44.3,119.2,81.2,-2.8752670139550958,3.294626215248919,175681.0,16.0,99.7,-0.042,112.96,2.365086444599984,311.5146,1.6,0.04509523809523809
2018-01-01,1.4,2.41,276.9425,1.653786707882543,-1.0,50.2,44.3,124.5,83.6,-14.880011177737373,3.0960643102516228,174301.0,17.0,100.0,-0.04,110.74,1.462322705979946,310.59709999999995,1.3,0.07631578947368421
2018-02-01,1.5,2.53,276.1267,2.5984129453866522,-1.0,49.0,44.1,115.9,82.4,-5.606383716495017,2.8989410221438527,172922.0,17.0,100.0,-0.042,107.9,1.462322705979946,310.59709999999995,1.3,0.06768421052631579
2018-03-01,1.1,2.5,276.4619,3.1711487641846725,0.5,50.5,44.1,119.8,83.8,-7.150949418245574,2.7032407727996643,171542.0,17.0,99.9,-0.062,106.01,1.462322705979946,310.59709999999995,1.3,0.039285714285714285
2018-04-01,0.6,2.48,277.3405,2.892307692307683,-0.6,49.8,43.8,121.5,83.7,-2.1208945406709034,5.904071924235144,174126.0,16.0,100.3,-0.063,107.49,1.771039316674905,310.8195,1.8,0.041299999999999996
2018-05-01,0.7,2.24,279.1035,2.5813349625782855,0.6,48.2,44.1,120.9,84.5,0.07376161456811303,9.159250358711635,176711.0,16.0,100.8,-0.061,109.74,1.771039316674905,310.8195,1.8,0.0489047619047619
2018-06-01,0.7,2.42,279.6873,1.853258392830015,2.0,49.5,43.7,119.7,84.4,-8.891480515750843,12.470036754913982,179295.0,16.0,101.1,-0.071,110.02,1.771039316674905,310.8195,1.8,0.04709523809523809
2018-07-01,0.9,2.51,278.9249,1.7674843821423147,0.3,47.8,43.8,117.8,85.5,-1.6061622783671226,9.566120978891668,175777.0,15.0,101.5,-0.07,111.41,0.14300516167884414,311.4315,1.2,0.05180952380952381
2018-08-01,1.3,2.45,278.5959,1.947360413814092,-0.9,48.7,43.8,119.0,83.9,0.5036743687943499,6.707897656297779,172260.0,15.0,101.5,-0.059,111.06,0.14300516167884414,311.4315,1.2,0.10643478260869565
2018-09-01,1.2,2.32,277.6577,2.1073377804730065,-0.6,47.3,43.4,114.9,88.8,-1.6205164779288879,3.896148913307229,168742.0,15.0,101.7,-0.059,111.91,0.14300516167884414,311.4315,1.2,0.125
2018-10-01,1.4,2.39,277.8368,2.4920224889834364,-0.6,47.8,43.0,118.4,84.0,2.216169324417777,4.207158705860103,164599.0,16.0,102.1,-0.06,112.81,0.06315913517811467,311.606,1.2,0.14045454545454544
2018-11-01,0.8,2.51,277.4903,2.716727716727707,0.8,47.5,42.6,115.6,84.4,0.8496488157963711,4.512632297712527,160457.0,16.0,101.7,-0.07,113.36,0.06315913517811467,311.606,1.2,0.11404761904761905
2018-12-01,0.3,2.46,278.4466,2.0635891164781484,1.1,46.7,42.4,114.4,84.9,3.855122953470172,4.814388099151157,156314.0,16.0,101.1,-0.068,112.38,0.06315913517811467,311.606,1.2,0.05205263157894737
2019-01-01,0.2,2.5,277.8694,1.1099285388475044,-0.8,46.4,41.5,111.6,86.4,2.993875672527551,5.164700410165324,167258.0,12.0,100.5,-0.064,108.97,0.32244597092687677,310.404,1.2,0.006842105263157895
2019-02-01,0.2,2.36,277.7224,1.2890506521079814,-1.0,47.5,41.3,114.9,88.1,7.049491820547033,5.512967715790906,178203.0,12.0,100.9,-0.055,110.36,0.32244597092687677,310.404,1.2,-0.018210526315789472
2019-03-01,0.5,2.49,277.8242,1.0998945306614383,-1.9,45.7,40.2,115.1,87.5,12.861257122285807,5.860886128224796,189147.0,12.0,101.2,-0.044,111.22,0.32244597092687677,310.404,1.2,-0.0341
2019-04-01,0.9,2.4,277.2297,0.6578947368421018,-1.5,46.1,40.5,115.5,89.9,-2.4560663126555085,4.3435617206109,180045.0,10.0,101.6,-0.068,111.63,0.09986102117196527,310.30359999999996,1.5,-0.03975
2019-05-01,0.7,2.3,277.5198,0.5955926146515855,-1.3,45.0,39.8,109.5,88.8,-4.50533987802136,2.8934083834653235,170944.0,10.0,101.4,-0.05,109.76,0.09986102117196527,310.30359999999996,1.5,-0.056842105263157895
2019-06-01,0.7,2.3,276.2976,0.9992542878448862,-0.6,44.5,38.4,115.4,89.9,5.212248514420153,1.5029522275899154,161842.0,10.0,100.9,-0.063,108.07,0.09986102117196527,310.30359999999996,1.5,-0.12610000000000002
2019-07-01,0.5,2.26,275.8658,1.1528671956879677,-1.7,42.3,38.0,116.9,90.5,1.0072654466235917,3.349943738948724,161558.0,8.0,100.8,-0.071,108.23,0.6500820226734483,312.58959999999996,1.5,-0.1444090909090909
2019-08-01,0.3,2.25,274.8888,1.1341590807342206,-0.5,43.3,37.7,112.3,91.8,-0.8274055752398084,5.266216968466542,161275.0,8.0,100.6,-0.046,106.34,0.6500820226734483,312.58959999999996,1.5,-0.22733333333333333
2019-09-01,0.2,2.39,272.8494,0.8760207869339176,0.2,44.9,35.7,114.0,91.6,-1.019753488175354,7.254028625763187,160991.0,8.0,100.6,-0.059,107.4,0.6500820226734483,312.58959999999996,1.5,-0.2244736842105263
2019-10-01,0.2,2.37,270.0399,1.0229799851741994,-0.4,35.7,36.2,111.9,93.2,-4.543958488034633,3.561937773376256,154512.0,4.0,101.7,-0.022,108.12,-2.321983343124334,301.3779,-1.5,-0.16457142857142856
2019-11-01,0.5,2.26,267.0871,0.8915304606240682,-0.6,37.6,38.6,108.9,94.3,-10.816474163522955,-0.05226751165811061,148034.0,4.0,101.8,-0.043,108.88,-2.321983343124334,301.3779,-1.5,-0.08525
2019-12-01,0.8,2.24,265.9854,1.317957166392092,-1.1,39.6,38.9,112.6,93.7,-7.777459150201864,-3.592644978783588,141555.0,4.0,102.0,-0.038,109.18,-2.321983343124334,301.3779,-1.5,-0.010142857142857143
2020-01-01,0.7,2.38,256.4374,0.9924812030075225,0.4,42.9,39.0,109.5,94.4,-12.092498931419755,-2.561277663407102,137164.0,-4.0,102.1,-0.032,109.38,-2.0776963793207703,301.7298,-1.2,-0.01631578947368421
2020-02-01,0.4,2.4,251.0823,0.6138643509507435,0.2,28.5,38.2,109.4,90.7,-10.882530575268007,-1.5386708060618703,132774.0,-4.0,101.7,-0.016,109.96,-2.0776963793207703,301.7298,-1.2,-0.05616666666666667
2020-03-01,0.4,2.51,239.6298,0.29806259314455463,-0.5,14.7,30.8,105.2,98.0,-7.467570173514957,-0.527845229091195,128383.0,-4.0,100.8,-0.047,107.42,-2.0776963793207703,301.7298,-1.2,-0.018809523809523807
2020-04-01,0.1,2.6,219.0206,-1.0992275698158083,-0.7,8.4,21.9,89.5,108.3,-11.84446069623209,-4.0687525177923956,103297.0,-31.0,99.2,-0.036,107.85,-9.506766145953161,278.9101,-8.4,-0.0012857142857142859
2020-05-01,0.1,2.76,199.5365,-1.0213143872113695,-2.3,16.1,24.5,81.2,121.2,-15.189007778543967,-7.55521419502484,78210.0,-31.0,98.7,-0.047,107.28,-9.506766145953161,278.9101,-8.4,0.0025
2020-06-01,0.1,2.77,197.7482,-1.048434731246306,-2.1,38.7,28.1,83.7,119.7,-14.424484858076724,-10.987028338569694,53124.0,-31.0,99.3,-0.048,107.6,-9.506766145953161,278.9101,-8.4,0.025409090909090912
2020-07-01,0.3,2.87,200.9752,-1.0213143872113695,-1.8,42.0,29.6,89.9,106.7,-15.624277459252639,-10.710952810526642,70656.0,-28.0,99.8,-0.028,106.75,-5.032188883447109,293.5543,-3.9,0.025380952380952383
2020-08-01,0.2,2.96,202.6589,-1.0181496237273158,-1.4,44.2,29.8,98.6,99.7,-14.553933510119833,-10.435573804913334,88189.0,-28.0,99.9,-0.035,106.02,-5.032188883447109,293.5543,-3.9,0.0383
2020-09-01,0.0,2.98,202.8592,-1.059758610538708,-1.1,47.8,32.7,102.5,94.7,-9.157873476317064,-10.15950042383097,105721.0,-28.0,99.8,-0.054,105.67,-5.032188883447109,293.5543,-3.9,0.0329
2020-10-01,-0.4,3.12,205.3505,-1.1447020839448152,-0.1,52.7,33.2,107.2,88.3,-10.19608045776691,-8.243947531995598,116991.0,-15.0,99.5,-0.02,105.21,-0.5978823201761352,298.92490000000004,-2.5,0.029772727272727274
2020-11-01,-0.9,2.95,208.0968,-0.589101620029453,-0.7,44.5,33.5,108.8,86.8,-4.740947844967977,-6.230440502357348,128262.0,-15.0,99.4,-0.032,104.4,-0.5978823201761352,298.92490000000004,-2.5,0.02931578947368421
2020-12-01,-1.2,3.06,208.6639,-0.842572062084257,-1.7,35.9,31.6,109.5,85.8,-7.945654572715583,-4.113011401743794,139532.0,-15.0,99.8,-0.026,103.83,-0.5978823201761352,298.92490000000004,-2.5,0.02390909090909091
2021-01-01,-0.7,2.97,209.8595,-0.5658129839190007,-0.5,32.9,29.8,114.0,81.4,0.0855050126846919,-5.2836168263636125,143756.0,-8.0,100.3,-0.017,103.7,0.2517366738468585,296.7516,-1.4,0.037000000000000005
2021-02-01,-0.5,2.91,211.0791,-0.4017857142857184,0.4,41.8,33.7,107.7,83.2,-2.8591369239003654,-6.4182682540327445,147981.0,-8.0,100.8,-0.016,105.38,0.2517366738468585,296.7516,-1.4,0.09094444444444444
2021-03-01,-0.4,2.69,213.8319,-0.5200594353640398,1.0,48.2,35.9,114.0,83.2,-0.17764160886632396,-7.518688671543594,152205.0,-8.0,101.8,-0.017,108.7,0.2517366738468585,296.7516,-1.4,0.1108695652173913
2021-04-01,-1.1,2.86,215.8173,0.6758786422349061,2.9,38.0,35.3,114.2,81.9,5.310077229940504,-3.920196298004086,151072.0,-3.0,103.0,-0.012,109.1,8.68691622756732,298.65540000000004,-0.9,0.094
2021-05-01,-0.8,2.9,216.0542,0.3888141169433146,3.1,36.8,34.5,112.9,83.5,12.645782464623295,-0.10936466758227903,149939.0,-3.0,103.6,-0.017,109.13,8.68691622756732,298.65540000000004,-0.9,0.08405555555555555
2021-06-01,-0.5,2.91,217.0791,0.5521563945679819,0.5,45.9,37.1,113.7,83.4,7.392246346905097,3.9349991263323503,148806.0,-3.0,104.3,-0.029,110.09,8.68691622756732,298.65540000000004,-0.9,0.06777272727272728
2021-07-01,-0.3,2.75,219.1913,1.046807237924341,1.0,48.2,37.6,111.3,83.8,13.109413882941823,2.4273831816400193,147234.0,-2.0,105.4,-0.036,110.26,3.285552157921967,295.8626,-1.3,0.0252
2021-08-01,-0.4,2.77,221.1438,0.4621347644603535,1.1,35.1,37.1,111.3,87.1,12.470159947074606,0.9290613875141185,145662.0,-2.0,105.6,-0.034,109.82,3.285552157921967,295.8626,-1.3,0.022000000000000002
2021-09-01,0.2,2.73,222.6788,0.05950609937519502,0.0,42.7,37.8,103.5,91.4,3.2274984114546186,-0.560051936810213,144090.0,-2.0,106.0,-0.022,110.2,3.285552157921967,295.8626,-1.3,0.05415
2021-10-01,0.1,2.69,224.3996,-0.46021377672208486,0.1,55.2,39.0,104.7,92.0,11.412544458265629,-0.07729653207806386,154269.0,2.0,107.7,-0.027,113.09,2.8056463326554093,304.6549,-0.2,0.08676190476190476
2021-11-01,0.6,2.8,229.9443,-0.8000000000000007,0.1,57.3,39.3,110.6,90.3,6.837485242975248,0.4078147057285708,164447.0,2.0,108.4,-0.04,114.03,2.8056463326554093,304.6549,-0.2,0.0781
2021-12-01,0.8,2.74,233.8217,-0.029815146094214207,-1.3,58.2,38.6,109.7,91.3,5.889975378043317,0.8970570234493769,174626.0,2.0,108.4,-0.026,113.88,2.8056463326554093,304.6549,-0.2,0.06572727272727273
2022-01-01,0.5,2.8,238.4512,-0.47918538484575945,0.5,39.0,36.6,110.6,92.9,2.9583252847939434,0.5846730274909673,171492.0,0.0,109.5,-0.02,114.84,1.150570203077672,301.9207,-0.8,0.14005263157894737
2022-02-01,0.9,2.69,238.6905,-0.5229344090841193,0.0,37.7,35.1,111.3,92.7,4.691786326644646,0.2735396024557746,168358.0,0.0,110.4,-0.018,115.16,1.150570203077672,301.9207,-0.8,0.2076111111111111
2022-03-01,1.2,2.56,240.7462,-0.16430171769977742,0.6,47.2,32.1,112.7,93.9,1.9747673094259994,-0.03461764807698442,165224.0,0.0,111.5,-0.008,118.54,1.150570203077672,301.9207,-0.8,0.20618181818181816
2022-04-01,2.5,2.55,243.4631,0.3580486349395784,-1.7,49.3,32.4,109.0,95.7,1.1537217759749439,0.1619717706342616,165982.0,2.0,113.5,-0.012,126.13,1.5011316231044347,306.6957,0.0,0.23795000000000002
2022-05-01,2.5,2.59,246.5434,0.2532399821242315,-1.8,52.8,33.5,111.4,97.6,-4.8851502266784195,0.3564608529599056,166741.0,2.0,113.5,-0.018,128.68,1.5011316231044347,306.6957,0.0,0.24342105263157895
2022-06-01,2.4,2.61,249.0198,0.3116651825467498,-0.6,52.1,31.8,111.6,98.8,-4.21684373541396,0.5455431895363239,167499.0,2.0,114.5,-0.038,133.85,1.5011316231044347,306.6957,0.0,0.2525454545454546
2022-07-01,2.6,2.52,250.2946,-0.02959893443835737,-1.8,43.8,30.1,111.0,98.5,-7.3457265198775445,2.374959609530447,166026.0,3.0,115.4,-0.012,136.7,1.422985963336676,306.7681,-0.4,0.23129999999999998
2022-08-01,3.0,2.52,252.1523,0.17806796260573243,-1.7,45.6,32.4,111.1,99.2,0.5225295950176019,4.248107364074327,164553.0,3.0,115.9,-0.018,135.28,1.422985963336676,306.7681,-0.4,0.20681818181818182
2022-09-01,3.0,2.63,253.1194,0.5947071067499365,-1.2,49.3,31.1,108.9,101.8,-2.7283007376136794,6.1648009192360576,163080.0,3.0,117.0,-0.049,143.09,1.422985963336676,306.7681,-0.4,0.26925
2022-10-01,3.7,2.59,253.3713,0.7457121551081247,-2.9,50.3,30.6,109.9,103.0,-5.635195246836261,5.09769495532455,165471.0,6.0,118.2,-0.05,147.16,0.740527493885712,307.6904,0.0,0.25715
2022-11-01,3.8,2.52,253.8088,0.4181600955794451,-2.5,49.0,29.8,107.8,104.3,-5.5,4.033811813306021,167863.0,6.0,119.2,-0.067,142.17,0.740527493885712,307.6904,0.0,0.2653
2022-12-01,4.0,2.53,253.0962,0.14912019087385264,-0.6,48.6,30.7,102.7,106.5,-6.559792276956571,2.9731369150779896,170254.0,6.0,119.9,-0.066,134.85,0.740527493885712,307.6904,0.0,0.35704545454545455
2023-01-01,4.3,2.49,252.7947,0.6470057177249577,-4.1,49.5,31.1,103.1,108.4,2.1695263816050527,4.494265220555116,172702.0,5.0,120.0,-0.02,130.28,2.0687991983429077,309.2736,0.7,0.4790526315789474
2023-02-01,3.3,2.59,253.3583,0.1351757284469901,-2.9,52.1,30.9,103.8,107.9,-1.5306501079095796,6.015311071082174,175149.0,5.0,119.7,-0.019,132.69,2.0687991983429077,309.2736,0.7,0.5200526315789474
2023-03-01,3.2,2.72,251.1578,0.2244165170556478,-2.3,53.0,33.5,103.6,109.2,-6.477638535856755,7.534543061952426,177597.0,5.0,119.8,-0.017,133.86,2.0687991983429077,309.2736,0.7,0.4024545454545455
2023-04-01,3.5,2.56,250.271,0.20811654526535772,-3.2,54.5,35.3,106.0,109.2,-13.873109325758492,5.187549197440022,179959.0,8.0,120.4,-0.015,133.4,1.1715711234181025,306.5043,0.7,0.46645000000000003
2023-05-01,3.2,2.54,249.4574,0.22288261515601704,-0.9,54.7,36.6,106.6,108.2,-1.422666440062386,2.8931455875512713,182322.0,8.0,119.6,-0.051,137.39,1.1715711234181025,306.5043,0.7,0.4191
2023-06-01,3.3,2.51,249.2848,0.3846722888001253,-1.6,53.7,36.4,107.0,107.7,-5.1019959659060845,0.6529390618076558,184684.0,8.0,119.6,-0.066,141.33,1.1715711234181025,306.5043,0.7,0.4234545454545455
2023-07-01,3.3,2.61,249.0534,0.25166543301258226,-2.7,54.3,37.2,109.6,108.1,-8.645860552642162,0.36214128493707864,189791.0,10.0,119.7,-0.046,141.2,0.1745172769867187,304.31890000000004,-0.7,0.46449999999999997
2023-08-01,3.2,2.64,249.4923,0.32587764775589,-2.8,53.5,36.4,105.3,106.5,-10.52974136361614,0.07509613956329098,194897.0,10.0,120.0,-0.063,144.73,0.1745172769867187,304.31890000000004,-0.7,0.6390909090909092
2023-09-01,3.0,2.56,248.7175,0.31037540644398565,-2.9,50.6,35.5,107.8,102.3,-8.554972951844746,-0.20826500491964994,200004.0,10.0,119.8,-0.054,147.65,0.1745172769867187,304.31890000000004,-0.7,0.71315
2023-10-01,3.3,2.54,248.7547,0.2368615840118382,-2.3,49.3,35.9,107.0,105.2,-9.598780020598355,3.523077813706932,199888.0,13.0,119.6,-0.02,149.59,0.15245476310696837,304.2669,-0.3,0.821095238095238
2023-11-01,2.8,2.56,245.1873,0.8328375966686563,-2.5,49.3,36.0,101.4,105.0,-11.827732890834909,7.3193519862522205,199771.0,13.0,119.9,-0.015,149.88,0.15245476310696837,304.2669,-0.3,0.81185
2023-12-01,2.6,2.5,244.3125,0.5658129839190007,-2.1,50.3,36.7,106.5,103.0,-5.822709737235499,11.182267253494448,199655.0,13.0,120.2,-0.012,144.09,0.15245476310696837,304.2669,-0.3,0.6861428571428572
2024-01-01,2.2,2.48,244.2468,0.37374794438631564,-1.1,50.2,37.7,104.4,103.6,-11.519954478482688,8.354058893752491,201292.0,12.0,120.4,-0.014,146.59,-0.808679552219338,303.4786,-0.5,0.6569473684210526
2024-02-01,2.8,2.6,245.9988,0.914954252287381,-1.8,51.2,38.4,99.8,100.2,-13.037658699244886,5.608652322370888,202929.0,12.0,120.6,-0.006,149.41,-0.808679552219338,303.4786,-0.5,0.7218421052631578
2024-03-01,2.7,2.57,243.7713,0.40304523063143805,-2.1,50.1,39.2,102.9,105.1,-12.8533458630546,2.9425735240840245,204566.0,12.0,121.0,0.022,149.7,-0.808679552219338,303.4786,-0.5,0.7537499999999999
2024-04-01,2.5,2.59,240.8135,0.1335113484646211,-1.2,48.9,38.5,103.8,104.6,9.145764141454094,3.066561465442219,209506.0,12.0,121.8,0.077,153.57,-0.9883102090388785,303.4645,-0.8,0.8402857142857143
2024-05-01,2.8,2.61,239.8305,0.3113417346182423,-1.3,46.9,37.1,101.0,103.2,-5.191223916535108,3.1939901040553664,214445.0,12.0,122.7,0.077,156.21,-0.9883102090388785,303.4645,-0.8,0.976
2024-06-01,2.8,2.54,240.8203,0.5453205600589595,1.1,47.8,36.9,101.9,105.1,-9.549356410707261,3.323255311726503,219385.0,12.0,123.0,0.077,157.9,-0.9883102090388785,303.4645,-0.8,1.00815
2024-07-01,2.8,2.67,240.2102,0.3396337861783838,0.3,48.3,37.2,102.3,104.4,-3.1598751188637806,3.9865597404639574,214724.0,14.0,123.6,0.078,157.86,1.1028581312941377,304.9685,-0.1,1.068909090909091
2024-08-01,3.0,2.46,239.4373,0.620109257345347,-0.8,48.8,36.9,102.7,107.0,-8.843433076431808,4.644220699436796,210062.0,14.0,123.2,0.227,146.29,1.1028581312941377,304.9685,-0.1,0.9012380952380953
2024-09-01,2.5,2.43,239.6917,0.39781936054221756,-0.4,47.9,37.0,104.6,105.7,-2.331827010742458,5.298013245033117,205401.0,14.0,123.6,0.227,143.31,1.1028581312941377,304.9685,-0.1,0.8907894736842106
2024-10-01,2.3,2.45,241.1038,0.6202924235711116,-0.4,46.2,36.1,103.6,106.2,-0.945083520139363,2.2016824176965377,211586.0,15.0,124.2,0.227,149.6,1.024733623110352,304.9334,0.2,0.9451818181818182
2024-11-01,2.9,2.48,241.0524,0.5014749262536977,0.5,48.0,36.0,100.1,107.5,-0.25613757353796984,-0.7283440084571824,217772.0,15.0,124.6,0.227,153.82,1.024733623110352,304.9334,0.2,1.0477
2024-12-01,3.6,2.45,240.1285,0.8439443292863391,0.3,48.2,35.6,106.3,107.7,-2.4877279633441227,-3.5036595796213987,223957.0,15.0,125.1,0.227,153.72,1.024733623110352,304.9334,0.2,1.083095238095238
2025-01-01,4.0,2.47,239.5784,0.9681263032469412,-2.8,48.0,34.8,100.3,104.8,-4.851184153625324,-1.3205713804791075,226035.0,15.0,125.5,0.293,156.42,1.6281835164814407,306.7429,0.6,1.206263157894737
2025-02-01,3.7,2.42,237.8232,0.5945303210463715,-1.5,45.9,34.4,106.0,104.6,4.303643382780485,0.9088518300795156,228112.0,15.0,125.8,0.478,152.03,1.6281835164814407,306.7429,0.6,1.3576666666666666
2025-03-01,3.6,2.47,236.9407,0.6541778174249169,-1.8,45.4,33.8,103.7,105.8,41.24274723698377,3.189276273598929,230190.0,15.0,126.2,0.477,149.14,1.6281835164814407,306.7429,0.6,1.52125
2025-04-01,3.6,2.5,236.2511,0.6814814814814829,-2.0,43.7,31.5,101.7,105.2,-27.564736898879076,3.7763694765170497,226327.0,15.0,126.6,0.477,144.27,1.8715786447642824,307.1828,0.6,1.3287619047619048
2025-05-01,3.5,2.45,235.6069,1.0641442506651,-2.6,45.1,33.3,102.2,104.6,-35.92283193815543,4.373486682808725,222465.0,15.0,126.5,0.477,144.77,1.8715786447642824,307.1828,0.6,1.4579499999999999
2025-06-01,3.3,2.47,234.257,0.7475813544415066,-0.8,45.5,34.7,106.0,105.8,-16.58815347761674,4.982515374412144,218602.0,15.0,126.4,0.477,144.47,1.8715786447642824,307.1828,0.6,1.469857142857143
2025-07-01,3.1,2.38,233.2535,0.8094186902133815,-0.2,45.5,34.0,101.7,105.7,-9.097054607524266,3.259900674901317,223573.0,15.0,126.7,0.478,146.85,0.6502084251856832,308.8729,0.1,1.5278636363636364
2025-08-01,2.7,2.55,231.712,0.29347028613353476,-1.7,46.7,34.9,100.4,106.4,-8.717358962423456,1.5705155987738584,228544.0,15.0,126.5,0.477,147.64,0.6502084251856832,308.8729,0.1,1.57225
2025-09-01,2.9,2.57,230.3076,0.7191077194012241,-1.3,47.0,35.4,101.8,106.2,-6.504346294521874,-0.08505391950309749,233515.0,15.0,127.1,0.477,147.93,0.6502084251856832,308.8729,0.1,1.62655
2025-10-01,3.0,2.61,228.3186,0.7632467341846416,-0.8,48.2,35.9,101.5,104.3,0.824528839340322,0.8879647940718938,234062.0,17.0,127.7,0.477,151.32,0.5131771887028291,309.35659999999996,0.2,1.6710454545454545
2025-11-01,2.9,2.56,227.2246,0.7044320516583547,-1.6,48.0,37.2,103.5,104.9,-8.48333298080772,1.8659316738573795,234609.0,17.0,128.1,0.478,155.08,0.5131771887028291,309.35659999999996,0.2,1.7461666666666666
2025-12-01,2.1,2.62,226.9619,0.4551460872118662,-0.1,47.7,36.9,103.5,106.0,-0.26568132955112117,2.8457133892854314,235156.0,17.0,128.2,0.557,155.85,0.5131771887028291,309.35659999999996,0.2,1.979681818181818
2026-01-01,1.5,2.71,226.6576,-0.04425431479568864,0.7,47.6,37.6,107.6,100.0,-0.754177817459701,0.7908509401046704,242101.0,18.0,128.6,0.728,156.79,0.48883971455613295,310.74309999999997,0.5,2.2025789473684214
2026-02-01,1.3,2.63,226.2856,0.16252955082742826,2.0,48.9,39.7,104.9,104.6,-6.297429966910974,-1.2172406656497436,249045.0,18.0,128.6,0.728,155.23,0.48883971455613295,310.74309999999997,0.5,2.1980555555555554
2026-03-01,1.5,2.65,223.7265,0.04431314623338789,1.4,42.2,33.3,108.0,103.3,-29.001962492734958,-3.180137027829988,255990.0,18.0,130.0,0.728,158.64,0.48883971455613295,310.74309999999997,0.5,2.243047619047619
2026-04-01,1.4,2.53,224.5597,0.9417304296645002,2.0,40.8,32.2,105.5,100.9,13.371897589322982,-3.001657870321084,261815.0,18.0,133.6,0.727,159.28,0.7266540380768127,310.7663,0.7,2.4203333333333332
2026-05-01,1.5,2.46,225.2373,0.7604562737642651,1.6,43.6,33.6,106.0,102.3,34.123641599856,-2.8219744663965263,267640.0,18.0,135.1,0.727,158.34,0.7266540380768127,310.7663,0.7,2.6483333333333334
2026-06-01,1.7,2.49,227.1794,0.24734468208933436,2.2,44.0,33.8,104.6,104.5,17.02739536574297,-2.641029764229319,273465.0,18.0,135.8,0.841,160.69,0.7266540380768127,310.7663,0.7,2.6541363636363635
2026-07-01,2.0,2.38,226.9373,0.0,2.4,45.7,34.9,106.4,100.7,8.059179948281987,,,,136.4,0.978,162.45,,,,2.7733636363636367
2026-08-01,,,,,,,,,,,,,,136.1,0.977,158.81,,,,2.87065
