date,world_oil_price,us_short_rate,us_long_rate,us_inflation,us_gdp,us_gdp_gap,us_unemployment,us_manufacturing_confidence,us_wage_growth,us_consumption,jp_short_rate,jp_long_rate,jp_inflation,jp_unemployment,jp_job_openings,jp_employment,jp_wage_growth,jp_usd_jpy,jp_tankan_all,jp_economy_watcher,jp_consumer_sentiment,jp_export_volume,jp_production_inventory,jp_corporate_goods_price,jp_housing_starts,jp_consumption,jp_investment,jp_gdp,jp_gdp_gap,jp_operating_profit
2004-01-01,70.0,2.5,3.76,2.3,2.06,0.0,5.0,0.0,1.0,13770.0,0.1,0.4482,0.6824,3.5,200.0,0.3,0.127,114.56,5.0,48.0,37.6541,100.684,103.7264,102.752,-0.0862,25.0254,2.0,0.7689,-0.4,100.0
2004-02-01,72.1632,2.4547,3.783,2.177,1.9577,0.1182,4.8401,0.4661,0.8381,13842.3766,0.1,0.4473,0.8177,3.4932,201.3409,0.2539,0.1523,115.2579,3.0938,47.6854,37.6445,101.559,102.7628,102.5689,1.8425,25.0406,2.5659,1.1899,-0.1964,100.8765
2004-03-01,73.074,2.7423,4.1188,2.4874,2.362,-0.067,4.7903,-1.4622,0.9847,13852.5475,0.1,0.4163,0.897,3.3973,203.9452,0.2633,0.4053,116.0569,4.1929,48.3399,38.1228,102.2894,101.5431,102.8726,6.1078,25.0697,2.028,1.7349,-0.1853,101.2601
2004-04-01,73.5796,2.4831,3.8767,2.7237,2.4773,-0.1132,4.8364,-0.6422,0.9981,13734.2332,0.1,0.471,0.8315,3.4751,203.7356,0.2245,0.683,114.7427,4.347,46.9223,38.1498,100.9635,102.6026,103.2386,-1.1961,25.077,1.8321,1.9311,-0.156,101.2649
2004-05-01,72.9969,2.4267,3.8037,2.8093,2.7602,-0.0998,4.7941,-0.0265,1.4148,13856.0334,0.1,0.4451,0.7889,3.5092,204.9624,0.0684,0.7108,113.687,5.1173,46.4054,37.1522,99.9912,104.0834,103.2056,-0.2982,25.1274,1.3765,1.4746,-0.387,101.0989
2004-06-01,75.7677,2.594,4.0542,2.7976,2.0666,-0.0928,4.7238,-1.0585,1.3253,13523.4022,0.1,0.4588,0.691,3.6805,198.1386,0.1833,0.4579,115.9882,5.9409,46.8068,36.829,98.4362,104.5749,103.9838,7.4935,25.1184,3.6898,1.44,-0.5873,101.1398
2004-07-01,76.9485,2.6034,4.0917,2.554,2.0319,0.0263,4.7422,-0.9057,0.9941,13684.8442,0.1,0.3838,0.7151,3.6811,199.1123,0.2022,0.4784,115.6623,6.0612,47.6381,37.1891,99.2975,107.12,104.2828,-0.2816,25.0308,0.69,1.1961,-0.9553,98.7768
2004-08-01,76.4757,2.4975,3.9472,2.5841,1.9672,0.0254,4.5978,0.7221,0.8444,13868.2274,0.1,0.3843,0.8474,3.3425,191.6223,0.198,0.1455,114.9153,3.1024,49.401,38.7064,103.788,105.3255,104.2515,-1.2533,24.9707,-0.8342,1.1224,-0.7748,96.6595
2004-09-01,73.8534,2.8371,4.2127,2.3496,1.8559,0.4765,4.6003,0.3775,0.8603,13721.8769,0.1,0.5385,0.7647,3.211,192.467,0.37,0.5544,118.0356,10.1159,52.9229,40.1014,106.3471,105.4469,104.9599,-0.7321,25.3925,-0.6322,1.7023,0.3034,102.5658
2004-10-01,74.3543,3.3992,4.5199,2.2531,2.1386,0.859,4.563,3.3814,0.8872,13796.9122,0.1,0.6361,0.9773,3.3027,210.0106,0.4555,0.5401,118.7141,10.7028,52.7706,39.5682,103.8273,107.0775,103.9059,-2.6907,25.2433,1.3246,1.2199,0.298,104.6671
2004-11-01,72.5022,3.7749,4.6633,2.3679,2.2771,1.0488,4.3783,4.0947,0.9678,14126.5435,0.1,0.556,0.9245,3.4008,215.713,0.3838,0.3477,119.3697,6.966,50.0379,38.5203,102.7892,104.4383,104.526,2.5293,25.1002,1.5005,0.9726,0.3171,103.5157
2004-12-01,69.887,4.1005,4.8208,2.3468,1.9595,0.7857,4.0947,2.8911,1.4527,14167.8671,0.1,0.5386,0.9242,3.3887,209.3715,0.328,0.3468,119.9909,8.3021,47.5444,38.1627,105.1172,100.7221,104.0295,8.8533,25.0185,2.959,0.8195,0.1902,102.3741
2005-01-01,69.4807,3.5881,4.5732,2.4406,2.505,0.3757,4.0125,1.5937,1.3234,14628.2174,0.1,0.5194,0.8779,3.3112,206.6869,0.2136,0.4338,117.6462,6.2864,47.5188,38.7339,106.0511,100.1063,103.3124,5.161,25.0278,2.8907,1.2968,-0.1489,103.5906
2005-02-01,69.903,3.4283,4.516,2.423,1.9888,0.1311,4.1704,1.4376,1.2994,14711.9588,0.1,0.5248,0.9907,3.3314,202.9184,0.3487,0.2571,121.0237,10.1981,47.826,38.1003,105.6255,101.2182,104.1203,5.1459,25.0387,3.4337,0.8832,-0.0023,103.246
2005-03-01,71.8133,3.066,4.3728,2.3215,1.9682,-0.517,4.409,-2.4634,1.0992,14456.7809,0.1,0.5309,1.093,3.487,205.5575,0.3159,0.158,121.8096,8.1066,46.4562,37.1982,102.4733,102.5255,103.8133,-2.3547,24.8716,2.7454,0.7099,-0.0914,101.2462
2005-04-01,72.2035,2.4675,4.0332,2.4066,1.4057,-1.1654,4.6211,-2.0443,0.8589,14189.0663,0.1,0.5217,1.1845,3.7413,201.7665,0.0889,-0.2458,118.7522,6.7259,46.8829,35.5329,100.4498,102.3455,103.3223,-1.6391,24.9239,3.3806,-0.1361,-0.5999,96.6585
2005-05-01,73.3906,1.9534,3.6782,2.3294,1.2104,-1.6859,5.0061,-5.3473,0.9478,14027.9553,0.1,0.4076,0.7589,3.7123,193.1675,-0.2152,0.3153,115.6465,1.9872,44.4386,35.197,98.5019,103.4627,102.6949,-4.4452,24.7612,1.3526,-0.4324,-1.5263,93.6964
2005-06-01,71.4577,1.3948,3.4383,2.2843,0.6357,-2.1357,5.4499,-8.2546,0.9289,13237.5007,0.1,0.3705,0.6454,3.8507,184.8604,-0.2564,0.0246,114.6673,0.0782,43.616,32.4693,94.9929,103.9437,102.3804,-6.5407,24.621,-1.3664,-1.1388,-1.7302,94.1588
2005-07-01,71.3945,1.1301,3.1799,2.3515,0.3888,-2.6009,5.8568,-8.3857,0.9769,13085.5274,0.1,0.2552,0.5919,4.0406,185.152,-0.32,0.0133,114.8994,-3.3423,41.3479,30.7355,90.5903,107.3965,102.3331,-11.1506,24.7859,0.3772,-0.8824,-1.9934,92.7456
2005-08-01,71.5527,0.6754,2.872,2.3289,0.185,-2.6631,6.1763,-8.758,1.1978,12429.6629,0.1,0.0768,0.5559,4.2135,181.1796,-0.3875,-0.1933,112.8282,-7.5825,40.7098,29.4174,86.7362,112.0345,102.0991,-5.2551,24.4875,-1.8897,-1.097,-2.913,89.2803
2005-09-01,72.8282,0.482,2.679,2.081,0.2474,-2.8812,6.5878,-7.6831,0.8928,11813.2736,0.1,0.0046,0.6396,4.4146,168.1463,-0.4015,-0.2171,112.8257,-11.1692,38.219,28.2414,84.4424,113.06,102.1756,-9.9146,24.2234,-4.252,-2.3096,-3.0545,84.2964
2005-10-01,72.9481,0.172,2.3251,1.6564,-0.1782,-2.4892,6.7442,-6.1646,0.6044,11714.2441,0.1,-0.1047,0.3882,4.7966,153.4959,-0.687,-0.4748,108.0917,-11.9587,33.8029,25.3384,79.1957,115.7672,101.2902,-6.6825,23.897,-6.4468,-3.6636,-3.536,81.9761
2005-11-01,74.1291,0.4998,2.4864,1.7492,-0.3014,-2.2172,6.7663,-5.166,0.7603,11649.5936,0.1,-0.4079,0.136,4.7345,142.1844,-0.884,-0.5235,109.5989,-21.8287,34.5459,24.4325,79.9869,119.2012,100.8923,-8.3948,23.8491,-6.419,-3.9216,-4.4952,75.3223
2005-12-01,73.2644,0.4745,2.4028,1.478,-0.2331,-1.5046,6.4834,-4.7477,0.5753,11946.123,0.1,-0.4023,-0.0861,4.7013,122.7082,-0.7336,-0.2055,110.952,-21.4835,34.3453,25.8926,82.8566,117.6592,101.5739,-9.6169,23.9318,-10.8814,-4.3982,-4.0579,78.1765
2006-01-01,73.7499,1.1375,2.6932,1.5932,0.2769,-1.1507,6.1795,-3.6081,0.6729,12318.5568,0.1,-0.3721,-0.3829,4.6218,123.6276,-0.7968,-0.1654,112.8375,-21.4123,35.8621,27.4664,84.1317,115.2905,101.3258,-13.1977,24.0731,-11.814,-3.0916,-3.6758,77.3934
2006-02-01,74.3176,1.4522,2.9847,1.2675,0.7405,-0.4267,5.7154,-1.594,0.6161,12702.5589,0.1,-0.3452,-0.3915,4.4831,125.9217,-0.8142,-0.3129,113.5783,-20.5434,38.2715,29.8097,87.4386,114.2287,101.5792,-5.7662,24.2852,-9.3495,-2.1617,-3.6166,77.2397
2006-03-01,72.3059,1.8755,3.243,1.1518,0.8923,0.1718,5.3114,0.2715,1.1659,12975.3325,0.1,-0.2582,-0.4869,4.1874,125.1029,-0.4398,-0.0476,116.6548,-18.1659,39.737,32.4255,92.3054,111.5229,101.9224,-3.4683,24.5296,-10.0556,-0.6134,-3.1274,80.8008
2006-04-01,72.5259,1.7578,3.0964,1.642,2.4809,0.8206,4.964,-0.0947,0.7401,13295.7933,0.1,-0.16,-0.5219,4.1675,134.6319,-0.2615,-0.1105,114.2549,-13.9586,41.7573,32.4545,94.2685,111.6546,100.7854,1.1679,24.9322,-7.4751,-0.457,-2.1016,83.7406
2006-05-01,71.9886,2.327,3.4307,1.5875,2.6275,0.7695,4.5444,2.2728,0.8601,13734.6117,0.1,-0.0902,-0.4734,4.0278,152.1777,-0.162,0.0013,115.781,-12.1217,42.5667,33.6545,94.3961,110.5099,101.8078,0.8625,25.0536,-4.1753,-0.0619,-1.3649,84.2449
2006-06-01,69.1281,2.1678,3.3206,1.917,2.8618,0.6822,4.2429,3.9732,1.2402,14102.0208,0.1,-0.0789,-0.4846,3.7721,156.7935,-0.1641,0.3437,115.9406,-9.7428,44.9601,34.5298,98.07,110.1947,102.3028,-0.5147,25.3327,-3.7273,0.0902,-1.3404,87.111
2006-07-01,70.5512,2.3646,3.3816,1.9958,2.7109,0.4357,4.0655,4.5505,1.4337,14104.927,0.1,0.075,-0.2013,3.5663,159.107,0.0297,0.408,114.9191,0.0983,48.0859,36.9056,101.1773,107.0318,101.9613,2.2897,25.6507,-2.7338,0.5357,-0.8465,92.3542
2006-08-01,70.0061,1.6615,2.9057,2.1132,2.9541,0.3219,4.1521,2.3846,1.2799,14389.7517,0.1,0.2539,0.0577,3.6463,175.205,0.0493,-0.0532,115.8288,6.0521,48.1605,37.2012,100.9577,105.1464,102.6305,1.6373,25.4912,-1.6759,0.5449,-0.6437,95.381
2006-09-01,68.764,1.5282,2.8328,2.7059,3.4269,-0.0139,4.3593,1.4662,1.5355,14470.7304,0.1,0.1952,0.2663,3.6201,185.4521,0.0072,-0.2126,114.9903,3.4141,46.7607,36.7213,100.6012,104.4093,102.277,-0.1784,25.5246,2.5437,1.2079,-0.7229,95.9847
2006-10-01,68.2456,1.6634,3.0351,2.7117,2.7613,-0.2426,4.5264,-1.9664,1.3935,14514.4833,0.1,0.2311,0.3663,3.682,180.2623,-0.0228,-0.074,113.1864,1.8713,45.901,36.479,99.1235,104.3817,102.4487,-2.4292,25.254,3.4009,0.4262,-0.8923,97.4165
2006-11-01,68.4787,1.6096,2.9748,2.92,3.0285,-0.4504,4.7865,-0.7571,1.1783,14092.5486,0.1,0.2321,0.516,3.7459,185.7708,-0.0832,-0.1573,114.3548,-0.428,45.9345,36.1907,96.9779,103.9533,103.1409,-1.586,25.1333,3.5832,1.0468,-0.8878,97.1607
2006-12-01,70.7129,1.7566,3.1096,3.0339,2.5148,-0.5095,5.0304,-3.0724,0.8651,13846.4257,0.1,0.2576,0.7168,3.9772,184.9749,0.0167,-0.5555,115.5958,1.9013,45.8726,34.6509,94.6088,106.4587,103.7796,-1.5177,25.0838,3.1799,0.7402,-0.9384,96.196
2007-01-01,70.4527,1.7693,3.267,2.7953,2.1979,-0.5764,5.369,-2.2766,0.9662,13254.0699,0.1,0.2293,0.8304,3.9154,179.8426,-0.1685,-0.8111,116.3884,0.3349,45.8892,35.7683,95.4368,107.1677,103.9279,-7.8833,24.9649,1.1344,0.4715,-1.4498,94.2006
2007-02-01,71.1459,1.6925,3.2335,2.4251,2.2729,-0.4154,5.5436,-0.6387,0.9435,13419.8724,0.1,0.2487,0.761,3.7658,168.3699,0.1311,-0.3625,116.8012,3.3376,46.7839,36.5566,97.7319,109.4808,103.8056,-2.773,24.9802,1.438,0.4299,-1.4169,93.3299
2007-03-01,73.2042,2.436,3.7229,2.0457,1.4136,-0.3063,5.505,0.4666,0.635,13167.741,0.1,0.3405,0.7891,3.6703,174.2949,0.177,-0.1876,120.556,3.8699,49.4678,36.2681,98.6333,110.5164,104.22,1.647,25.1285,-1.7881,0.9752,-0.7383,96.7857
2007-04-01,73.9628,2.6186,3.8295,1.8833,1.2017,-0.5201,5.484,0.1712,0.7005,13306.4497,0.1,0.3878,0.9041,3.5447,180.9422,0.3041,-0.6602,120.9252,4.1059,48.6245,36.3419,99.5352,109.4807,104.1521,-3.0991,24.947,-0.0109,0.4153,-0.6336,98.9851
2007-05-01,75.5581,2.6669,3.8421,1.8736,1.5931,-0.3463,5.5371,-1.1641,0.6988,13532.0297,0.1,0.3765,1.0082,4.0225,188.9934,0.3769,-0.1998,121.8822,4.8826,44.7414,34.5569,95.6459,110.605,104.8812,5.0065,24.5516,1.7352,-0.6311,-0.2875,100.4
2007-06-01,74.6915,2.7483,3.7886,1.9645,1.662,0.0793,5.5604,0.3161,0.6259,13718.2471,0.1,0.1899,0.9103,3.9896,195.0685,-0.1634,-0.5036,121.9982,-2.0519,43.6128,33.0227,95.7,109.6038,104.8687,-3.3209,24.3274,3.3339,-0.732,-1.3748,95.2074
2007-07-01,75.8123,2.8082,3.7376,1.9505,2.0364,0.2508,5.455,0.4122,1.1388,13686.4374,0.1,0.2276,0.7036,3.9261,174.652,-0.3247,-0.3433,122.9302,-0.2779,44.4147,33.8064,97.108,107.0152,104.7616,-3.6984,24.4205,0.8829,-0.3122,-1.0392,96.2234
2007-08-01,75.5994,2.5063,3.559,2.0313,2.135,0.5735,5.1649,2.1143,0.8687,13605.0256,0.1,0.3179,0.7661,3.7736,174.1411,-0.3549,-0.5285,121.0034,-0.6805,46.8242,33.877,97.6405,107.694,104.6997,0.4281,24.5085,-0.8782,-0.3717,-1.0454,97.5569
2007-09-01,77.2056,2.3165,3.4353,2.1862,2.5167,1.0769,5.1409,4.934,0.8942,13851.2443,0.1,0.3355,0.6842,3.7672,176.8562,-0.1574,-0.162,119.5653,2.0302,45.1928,35.2047,97.3408,106.1447,104.1706,0.8331,24.6348,0.6695,-0.0883,-0.6077,98.7482
2007-10-01,75.4475,2.6863,3.6215,2.3216,3.5545,1.4329,4.8854,6.9367,0.7123,13974.6556,0.1,0.3431,0.7972,3.6101,186.8961,0.0159,-0.3266,121.4594,-0.2259,45.9838,35.6822,101.6296,108.9972,104.5427,0.4381,24.5991,1.4948,0.3518,-0.5652,97.8603
2007-11-01,74.1113,3.0877,3.9336,2.3978,3.7733,1.8723,4.5171,9.8416,0.7913,14383.1226,0.1,0.4653,0.5391,3.373,188.7445,0.0909,-0.0915,124.1986,2.3549,48.5932,38.2364,107.1358,104.814,104.4032,-1.0598,24.9845,2.445,1.495,-0.1887,100.6919
2007-12-01,76.0256,3.502,4.3045,2.4547,4.4301,1.9118,4.2049,10.0403,0.8661,14927.7365,0.1,0.6866,0.7445,3.2441,196.3305,0.327,-0.1448,126.2294,4.9232,52.1479,38.5006,109.3558,101.9953,104.4101,2.1853,25.0359,1.459,1.7086,0.2985,104.863
2008-01-01,75.5882,3.5894,4.3667,2.6472,4.2296,2.3568,3.9321,9.7749,0.9847,15283.7116,0.1,0.7681,0.8585,3.1797,206.4877,0.4801,-0.3729,126.584,8.5541,50.2571,38.8406,111.5907,100.8867,104.6877,-3.2787,24.9071,1.0185,0.8451,0.737,107.3552
2008-02-01,74.9054,3.9126,4.6098,2.8099,4.7504,2.8485,3.8423,12.5135,0.8849,15762.3481,0.1,0.8221,0.9136,2.9234,211.9074,0.8212,0.1912,129.2596,12.7632,52.245,40.1975,114.4061,98.4026,105.2536,-1.4402,25.4595,2.2755,2.1395,1.4358,108.8346
2008-03-01,74.926,4.3799,4.8824,2.9027,4.8853,3.4674,3.6658,13.2838,1.0297,15812.522,0.1,0.9107,1.1948,2.9557,215.565,0.8601,0.0756,129.487,19.0011,53.8093,40.2008,116.8617,94.0006,105.6224,-1.9155,25.4477,4.5508,2.322,2.2398,113.2871
2008-04-01,73.7485,5.071,5.266,3.0529,5.3181,3.8986,3.3733,14.8673,1.1888,15845.2791,0.1,0.8981,1.336,2.6742,225.8007,0.7502,-0.0448,129.9051,16.4746,53.7781,43.1522,118.2166,96.1896,105.9473,1.8449,25.6818,5.5109,3.2311,2.158,112.3729
2008-05-01,75.7614,5.5592,5.7547,3.4026,6.1249,4.3901,2.9813,15.6896,1.4747,16362.6729,0.1,1.021,1.4747,2.476,222.4269,0.9651,0.249,133.8647,22.6165,59.3111,44.4093,122.5141,92.2903,107.2589,9.4823,26.3937,7.8405,4.5743,3.1684,117.1411
2008-06-01,73.6832,6.0469,6.0162,3.7699,6.3452,4.2799,2.5746,12.3314,1.5473,16622.1684,0.1,1.1753,1.5875,2.3631,234.887,1.1401,0.5962,135.8524,24.4134,59.7797,46.1718,121.4332,90.2551,108.3767,5.3133,26.4724,6.3556,4.4652,3.6665,118.7247
2008-07-01,73.3752,6.391,6.2879,3.7292,5.9223,3.9905,2.3388,11.7666,1.6734,17015.1949,0.1,1.1985,1.6108,2.2968,246.5211,0.9676,0.5302,136.3218,28.0381,62.5603,46.4986,124.8264,89.0967,108.4466,6.7278,26.5747,6.3317,4.7445,3.5916,120.7601
2008-08-01,73.8422,6.2029,6.1362,3.6055,4.9511,3.8854,2.4084,11.1185,1.6482,17157.1757,0.1,1.2381,1.7033,2.4389,253.2158,1.0895,0.6945,134.8753,30.7403,58.524,47.0449,124.5567,89.531,108.1479,12.9134,26.3338,10.6021,3.7497,3.6527,121.5264
2008-09-01,73.6017,6.4217,6.2405,3.9984,4.6184,2.9886,2.6798,8.5564,1.3773,16531.0451,0.1,1.1904,1.694,2.4669,257.806,0.9539,0.9288,134.2937,26.3168,59.2745,44.7689,123.6548,91.7252,108.6766,9.5967,26.0498,13.7076,3.4484,3.3255,120.5903
2008-10-01,72.2995,6.0703,6.1986,4.1193,4.6765,2.4378,2.8765,6.4606,1.3583,16352.6268,0.1,1.1886,1.8258,2.5338,250.5053,0.9795,0.793,133.1999,25.5585,57.3781,44.586,122.7984,91.4866,108.7582,7.5962,25.9059,12.6333,3.1612,3.1061,120.8103
2008-11-01,70.9471,5.7923,6.1376,4.3704,3.9868,1.7614,3.3316,3.556,1.5603,16024.4579,0.1,1.2355,2.1915,2.8244,252.6669,0.8763,0.3466,134.6642,26.2985,55.1347,41.538,118.4956,95.1416,109.1891,7.4373,25.7887,10.4334,2.562,2.7701,120.1597
2008-12-01,71.5645,5.7079,6.1241,4.1947,3.3142,1.3846,3.8125,2.8553,1.1538,15405.3546,0.1,1.1097,2.3966,3.17,247.4468,0.7984,0.257,134.5436,18.0961,51.117,38.5258,114.8519,98.3406,109.5615,5.5659,25.4746,12.6234,1.8437,1.8718,113.8063
2009-01-01,70.0015,5.1893,5.8664,4.3789,3.1854,0.7923,4.1796,2.6878,0.8473,14889.1343,0.1,0.9884,2.4348,3.2818,233.6503,0.6792,-0.2795,131.2851,13.5128,49.7486,38.5435,109.3625,99.1911,108.5851,-2.9464,25.1834,10.7411,1.6202,1.0956,107.3474
2009-02-01,70.9579,4.6156,5.492,4.1555,2.5283,0.1465,4.4584,0.261,0.7243,14363.886,0.1,0.86,2.1021,3.2789,217.8004,0.6341,-0.3051,129.7161,12.6804,48.4427,39.3975,108.41,96.9713,108.3975,2.2395,25.1128,5.3112,1.4822,0.6419,105.594
2009-03-01,68.7041,4.5423,5.4295,3.9421,1.3925,-0.3914,4.8411,-2.4088,0.3312,14189.4612,0.1,0.8538,1.9944,3.487,211.8244,0.7051,-0.099,130.0086,11.5071,44.5332,38.6166,105.5968,101.035,108.4406,3.726,24.7504,1.2055,0.9148,0.2972,105.1797
2009-04-01,67.9334,4.3481,5.409,3.3703,0.4021,-1.1725,5.3486,-5.1396,0.192,14023.3043,0.1,0.7011,2.0063,3.5934,210.8594,0.4223,-0.1853,129.6911,7.6744,45.4797,36.1674,102.3577,102.7657,107.7418,-4.8566,24.7335,0.9411,0.0086,-0.2864,101.715
2009-05-01,68.0259,3.8373,4.9313,2.6709,0.1662,-1.3245,5.7726,-3.4004,0.1196,13555.2078,0.1,0.5744,1.775,3.7941,203.8244,0.2208,-0.5589,126.6233,4.9715,47.3448,35.2339,97.6966,104.9878,106.9436,2.4454,24.8852,-1.1361,0.3444,-0.8138,99.208
2009-06-01,66.2984,3.3345,4.4985,2.5727,0.1455,-1.3957,6.3083,-5.6367,0.1808,12955.1224,0.1,0.399,1.4148,3.9795,198.3273,0.0059,-0.0841,124.6537,1.9751,44.2993,35.0839,92.9365,107.4863,105.6286,-1.3572,24.7042,-2.2402,0.1534,-1.4339,94.8919
2009-07-01,67.2855,3.3567,4.6039,2.3455,-0.4943,-1.1447,6.4277,-4.5367,0.6123,12447.4532,0.1,0.3794,1.3846,4.0374,186.9685,-0.0411,-0.2052,126.2833,-3.4029,42.7909,33.8553,92.1389,108.2534,105.5099,-6.3786,24.508,-0.3523,-0.5495,-1.8027,92.8225
2009-08-01,67.3125,3.2783,4.4302,2.2092,-0.5848,-1.3527,6.5216,-4.4637,1.1435,12653.1894,0.1,0.3046,1.428,4.0844,180.6502,-0.0001,-0.1266,124.9691,-5.7081,43.5533,33.8346,92.4007,107.7057,105.0255,-5.6218,24.3638,0.0886,-1.1828,-1.8768,92.1533
2009-09-01,65.9154,2.9738,4.2157,1.861,-0.155,-1.2354,6.4621,-1.3669,0.9363,12398.4798,0.1,0.3551,1.1655,4.2422,174.1597,0.0637,-0.1936,122.7421,-4.697,40.9512,33.6249,92.0651,106.7447,104.0293,-1.6005,24.3863,-1.2589,-1.2654,-2.0475,93.7342
2009-10-01,63.9229,2.2731,3.6909,1.3473,0.2,-0.5782,6.4164,1.3471,0.6123,12671.0528,0.1,0.2844,1.0214,4.0947,173.8065,-0.0927,-0.0699,119.1575,-12.2304,41.7127,33.9934,92.4707,110.1589,103.1907,-5.2522,24.3107,-3.2989,-1.1746,-2.1701,90.1012
2009-11-01,61.9679,2.1365,3.4091,1.0493,0.8212,0.1706,6.1416,2.5211,0.7495,12787.4237,0.1,0.3235,0.7255,3.9327,164.0077,-0.015,-0.1627,118.7785,-7.0715,41.7626,35.3321,93.0182,110.8511,102.3641,-1.9777,24.2143,-4.0514,-1.0039,-1.8298,93.9253
2009-12-01,62.1858,2.7463,3.7449,1.1042,1.123,0.3231,5.6965,0.6496,0.8844,13443.1681,0.1,0.3367,0.6387,3.7658,172.8333,0.1216,-0.1136,121.7809,-3.3302,44.1,37.0598,98.0126,108.9686,102.0946,-2.4913,24.4872,-3.0771,-0.4445,-1.3148,95.0165
2010-01-01,60.8371,2.6775,3.6427,1.2799,1.2581,0.4102,5.1463,2.3204,0.8552,13970.0159,0.1,0.488,0.625,3.5971,178.0099,0.2004,0.0483,120.4158,3.9716,48.1006,37.9077,102.4434,106.9311,101.7182,1.7346,24.8593,-1.7152,0.3909,-0.7167,99.0634
2010-02-01,59.2842,2.6019,3.7642,1.1709,1.9787,0.7484,5.1275,3.8062,1.2055,14193.8274,0.1,0.6256,0.458,3.5536,190.9734,0.2838,0.3822,125.1046,2.3651,47.668,39.4247,103.6214,106.135,102.4341,0.2771,24.717,0.1462,0.7429,-0.4102,103.5691
2010-03-01,59.1934,2.3355,3.5769,1.2971,2.2908,1.1167,5.0633,3.0345,1.1568,13986.5134,0.1,0.7055,0.5724,3.6698,198.5518,0.3816,0.0487,127.3865,4.197,47.3665,37.4655,102.854,103.8152,103.0893,2.6237,24.6123,2.2699,-0.1163,-0.0144,105.6054
2010-04-01,62.3019,1.9602,3.353,1.5317,2.9042,1.0791,4.9782,4.0105,1.1504,14230.8858,0.1,0.6785,0.7123,3.5193,204.3195,0.448,0.1548,124.2497,2.6748,49.0249,37.5771,106.2448,99.9401,102.7467,2.5951,24.7988,5.6154,-0.0269,-0.1153,102.2368
2010-05-01,62.8123,1.8499,3.3311,1.6705,3.0166,1.3125,4.7185,4.09,1.2449,14513.7085,0.1,0.7745,0.7176,3.6164,200.4133,0.6159,0.2135,125.3588,9.3891,47.2157,38.2262,105.1394,103.3117,103.8781,1.9745,24.9076,1.8314,0.1461,0.4425,106.1463
2010-06-01,63.9652,1.9352,3.4126,1.8396,3.7679,1.2233,4.6889,3.3351,1.3856,14500.4732,0.1,0.7731,1.0203,3.6161,211.3252,0.4724,-0.0963,124.1456,7.7162,47.4848,36.527,103.8262,106.0733,103.8204,2.8258,24.762,4.0783,-0.1739,0.4939,105.8373
2010-07-01,64.3675,2.4092,3.709,2.0891,3.5668,0.9708,4.3733,1.2145,1.2256,14729.1808,0.1,0.7435,1.121,3.4088,206.3711,0.3228,-0.0873,125.7543,7.9137,50.2893,37.868,106.5995,105.5171,104.5012,-0.0695,24.8804,1.3473,0.6418,0.1468,104.8117
2010-08-01,65.5445,2.0093,3.5187,2.1796,3.645,0.9237,4.3931,2.6957,1.3375,14762.3119,0.1,0.8032,1.0442,3.219,204.2062,0.4583,-0.3068,126.6201,11.6784,50.2165,39.0902,109.2666,99.0931,104.5873,1.5343,24.9183,1.8686,1.3074,0.3481,107.8879
2010-09-01,63.8055,2.0231,3.4944,2.1668,3.558,0.6437,4.5271,2.8668,0.9041,14545.9601,0.1,0.914,0.9692,3.2283,213.4744,0.3175,0.1498,127.3185,11.5515,50.8749,39.3652,106.4946,101.4571,105.1198,5.5101,25.0203,5.5011,1.4535,0.2968,109.5568
2010-10-01,63.3485,2.3345,3.6365,2.202,3.1681,0.9675,4.5369,4.4001,1.1133,14158.2751,0.1,0.8959,1.1435,3.2859,223.6855,0.4395,-0.0609,126.165,12.0353,51.4723,39.9474,106.3188,99.67,104.5176,0.9818,24.9327,5.8915,1.1612,0.3709,108.8569
2010-11-01,63.8245,2.5792,3.8324,2.6275,3.5145,1.199,4.5566,6.513,1.0397,14266.6412,0.1,0.8868,0.9726,3.4509,219.2752,0.486,0.1546,127.839,7.9352,48.8514,39.7821,103.6344,101.391,104.9447,2.5464,24.9054,5.9157,0.6983,0.329,107.5245
2010-12-01,63.9185,2.7398,3.8407,2.9636,3.4969,1.2206,4.3371,6.5444,0.9702,14396.772,0.1,0.8781,1.031,3.4233,219.6416,0.2622,0.1153,124.1002,5.9993,49.5498,39.2815,104.8844,102.8835,104.5133,-4.6778,24.968,5.3831,0.9824,-0.0742,103.1258
2011-01-01,63.7771,3.2617,4.1635,2.8755,3.2209,1.0754,4.0973,6.0649,0.5362,14665.618,0.1,0.9657,1.2137,3.3232,212.653,0.3925,0.7102,123.5717,7.5828,50.3718,40.18,107.4309,100.8407,104.3342,-1.19,25.183,3.3173,1.5551,0.1352,103.5594
2011-02-01,63.0087,3.1608,4.0954,2.7023,3.7043,0.8225,4.1616,4.935,0.3656,14907.9052,0.1,1.0112,1.5828,3.1325,218.0338,0.4725,-0.1741,123.0819,9.3764,52.6374,40.5071,110.3365,97.3917,104.6117,3.7294,25.3809,2.328,1.8188,0.4361,104.326
2011-03-01,62.7997,2.8454,3.9077,2.3447,2.7059,0.1223,4.328,1.2028,0.2492,14884.1259,0.1,1.0687,1.3335,3.0677,221.2112,0.5359,-0.042,120.6366,13.6263,51.3411,41.4554,112.0044,97.1515,103.7325,4.0766,25.3025,3.6295,2.3971,0.8268,106.6775
2011-04-01,61.9213,2.4298,3.5626,2.2761,2.2483,-0.2937,4.5969,-0.4059,0.7689,14722.3154,0.1,1.0915,1.1507,3.4033,231.1655,0.7218,0.5398,120.7335,15.5199,48.2779,38.9869,107.797,97.3625,104.06,1.9111,25.0978,4.6747,1.1807,0.6515,106.2066
2011-05-01,58.9953,2.6858,3.7216,2.4047,1.8366,-0.3499,4.9707,-2.447,0.7489,14403.6398,0.1,0.8686,0.8925,3.2998,229.7145,0.4776,0.109,121.7325,9.1808,49.9353,39.2442,104.6985,98.8796,104.0609,0.2571,24.9168,6.3204,1.131,-0.2207,100.666
2011-06-01,57.731,2.8669,3.8352,2.4231,1.7963,-0.2677,5.2114,-2.7297,1.0137,13717.6927,0.1,0.9617,0.9025,3.477,213.3094,0.3999,0.1312,124.1061,10.8546,47.3452,38.6489,101.4806,99.2322,104.2354,0.302,24.5797,4.0102,0.0924,-0.0729,103.0077
2011-07-01,58.5357,2.6481,3.5671,2.4025,2.5674,-0.2592,5.3883,-2.4256,1.1552,13402.5545,0.1,0.869,1.0399,3.6352,219.9154,0.4971,-0.0865,122.4846,9.7051,46.0925,36.3445,99.6282,102.4421,103.8778,3.2252,24.4441,0.8973,-0.3774,-0.489,101.6914
2011-08-01,60.6981,2.5457,3.592,2.222,1.9675,0.1472,5.3245,0.099,0.8843,13170.424,0.1,0.7721,0.9442,3.3889,210.7922,0.3103,-0.267,122.6969,6.3228,48.3769,38.0342,102.4072,98.7906,104.1231,1.1509,24.5941,3.8939,0.3514,-0.9526,101.4321
2011-09-01,63.2345,2.4301,3.5188,1.7818,1.7721,0.3592,5.3299,2.9359,0.6384,13114.6797,0.1,0.8934,1.0591,3.3945,201.3406,0.3745,0.3191,122.3236,8.6231,47.3236,38.1025,103.2312,97.8989,104.2701,-1.4116,24.5078,2.2303,-0.1765,-0.4293,103.8116
2011-10-01,63.492,2.4945,3.4021,1.4833,2.0823,0.7919,5.1414,2.7154,0.9381,13302.6193,0.1,0.9593,0.6805,3.3685,212.1626,0.4204,0.333,124.2706,6.9938,48.4494,37.5165,102.6998,98.659,104.5167,6.1526,24.6387,0.47,0.7299,-0.1962,103.5431
2011-11-01,64.8208,2.8768,3.7023,1.5157,2.3453,0.9566,4.9426,3.5938,1.0296,13807.5455,0.1,0.9709,0.7767,3.2737,210.2198,0.5164,0.1715,128.1641,4.7683,50.9811,38.232,105.2002,98.2178,105.1477,-1.9776,24.8471,1.0696,1.3331,0.1082,104.1672
2011-12-01,66.1703,3.0316,3.8619,1.5492,2.9774,1.0473,4.5807,3.4489,0.8721,14445.1562,0.1,0.9662,0.7198,3.0701,209.9613,0.5643,0.5247,127.2318,8.5054,51.5722,40.5741,108.7627,97.1606,104.8217,3.215,24.8031,0.4191,0.9698,0.3083,104.6849
2012-01-01,65.2887,3.204,3.925,1.8362,2.9393,1.0288,4.4259,3.8786,1.188,14465.1444,0.1,1.0471,0.7067,2.889,214.6476,0.4111,0.4984,126.995,11.5597,52.6482,42.2108,111.2909,97.7368,104.531,2.3498,24.9076,1.5224,1.5414,0.7572,107.3486
2012-02-01,63.0896,3.183,4.0636,1.7845,2.5232,1.0698,4.415,4.7032,1.111,14650.3667,0.1,1.1779,1.0322,3.0817,224.799,0.5989,0.449,130.0259,15.2902,51.0666,40.9188,109.5047,102.0402,105.7634,6.3639,24.6481,4.0526,1.063,1.4443,110.8921
2012-03-01,63.2619,2.8087,3.8725,2.1495,3.0715,1.1558,4.3787,5.1011,1.3591,14607.579,0.1,1.1643,1.2565,2.8445,233.2206,0.4883,0.1665,126.438,12.3111,52.1334,42.2644,111.3171,99.9886,104.8343,8.9272,24.5681,4.5589,1.4455,0.8736,108.8348
2012-04-01,61.0872,2.6514,3.9159,2.2795,3.4801,0.8954,4.1358,3.4342,1.4814,14804.6112,0.1,1.207,1.1322,2.7457,226.375,0.6859,0.7698,129.1224,15.74,53.5394,43.6166,111.919,95.788,105.6196,9.0467,25.1215,2.956,2.2336,1.502,114.26
2012-05-01,60.8436,2.5018,3.7993,2.4119,3.6169,0.4457,4.096,2.7309,1.2688,14915.0617,0.1,1.2421,1.1265,2.7843,237.7756,0.8737,0.6427,129.0635,17.5693,52.0564,42.8624,113.6135,94.5813,104.9193,7.3263,25.1575,3.7596,1.8572,1.4869,114.8911
2012-06-01,61.7986,2.2668,3.6381,2.4632,2.9546,-0.3458,4.1794,1.6099,1.2931,15001.9516,0.1,1.2072,1.2349,2.9002,246.549,0.8576,0.2446,126.3413,15.9709,49.5987,41.2512,109.8078,96.5417,104.8109,5.8255,24.6275,7.4266,0.5841,1.4313,115.3329
2012-07-01,60.1326,2.2266,3.5587,2.4458,1.8472,-0.671,4.3758,-0.6896,0.7,14668.0873,0.1,1.1164,1.3475,3.1567,244.9054,0.7047,0.2872,122.4152,15.3863,49.3119,40.1217,106.49,99.0223,104.117,3.2943,24.5465,8.2144,0.1748,0.8945,112.1646
2012-08-01,60.3565,1.6011,3.1401,2.2024,1.4853,-0.4374,4.86,0.739,1.0078,14341.3823,0.1,1.0044,0.958,3.3669,235.8123,0.3638,0.0383,119.8087,13.268,49.2206,37.7662,102.0639,99.966,102.9291,1.5387,24.592,8.07,-0.145,0.0094,107.001
2012-09-01,62.1328,2.0524,3.1826,2.2434,1.6026,-0.6145,5.1546,-0.5143,0.6674,14039.4877,0.1,0.9467,1.034,3.549,221.8326,0.3343,-0.1953,122.3946,9.9379,49.1321,37.2812,99.1811,103.4447,103.1624,3.0886,24.5654,3.774,-0.3067,-0.3222,104.9131
2012-10-01,62.7558,1.8687,3.1818,2.5279,1.8187,-0.7211,5.2538,-2.3875,1.3307,13539.9437,0.1,0.9163,1.2944,3.6673,212.9662,0.1596,-0.2996,122.5013,3.5473,46.6207,35.8064,100.1019,100.4505,103.6609,0.126,24.433,3.4942,-0.5851,-1.0094,101.4629
2012-11-01,63.5867,2.067,3.2727,2.1871,0.7879,-0.7486,5.3771,-2.1982,1.2544,13787.8843,0.1,0.8466,1.5259,3.5865,200.6942,0.0955,-0.5196,123.6165,1.2288,48.0214,36.0354,100.2078,97.6716,104.2336,-0.2821,24.5724,2.5966,-0.5681,-1.3129,101.0171
2012-12-01,64.9337,2.0009,3.224,1.6853,0.6486,-1.0782,5.533,-3.2975,0.9578,13567.4554,0.1,0.8076,1.3439,3.6558,195.5138,0.275,-0.5899,123.786,5.6477,46.4807,35.7537,100.4488,100.3852,104.4172,2.9723,24.5569,5.3975,-0.5856,-1.284,100.1237
2013-01-01,67.4416,1.7074,2.8544,1.5725,0.2208,-1.1002,5.5718,-5.3858,1.0745,13326.2969,0.1,0.7571,1.1622,3.6866,201.9826,0.2988,-0.4228,120.9657,3.8319,44.8762,35.8564,98.8214,104.7776,102.5339,0.7452,24.2632,4.8715,-0.8307,-1.3347,100.5359
2013-02-01,67.7068,1.4586,2.7073,1.5805,0.344,-1.0955,5.7602,-4.9714,0.8952,13352.8293,0.1,0.6578,0.8243,3.643,199.4587,0.2312,-0.4748,120.4182,2.2962,46.1847,36.0908,98.5876,104.2986,103.0185,-4.5977,24.4228,2.1945,-0.2767,-1.2532,98.5941
2013-03-01,69.524,1.2836,2.5226,1.4154,0.3108,-1.8183,5.9852,-4.3107,1.033,13085.9225,0.1,0.6388,0.5405,3.5541,196.5663,0.1195,-0.1797,118.1627,0.6081,46.363,35.7477,98.2774,104.5721,102.4482,-5.9826,24.6069,0.4316,0.1287,-1.3277,98.0651
2013-04-01,69.4399,1.1828,2.4457,1.3057,-0.0906,-1.7531,6.0814,-2.9861,0.9949,12723.4813,0.1,0.6879,0.3517,3.735,201.2577,0.0907,-0.2099,116.6554,2.1568,45.6553,34.0654,94.9728,105.9079,102.3653,-7.4355,24.392,1.1771,-0.3079,-1.4117,97.0454
2013-05-01,68.659,0.8737,2.1277,1.3236,0.0753,-2.0836,6.3951,-4.8557,0.9569,12633.4203,0.1,0.5144,0.3642,3.926,206.3074,-0.1368,-0.274,113.2173,-1.1155,43.6875,32.891,89.9854,111.3619,101.4904,-8.3328,24.3238,-0.1675,-0.8815,-1.6772,95.212
2013-06-01,69.1412,0.05,1.6126,1.2379,0.4886,-2.0571,6.4742,-4.3547,0.8394,12710.4703,0.1,0.4227,0.2001,3.894,199.4949,-0.291,0.1058,109.4192,-3.052,42.7598,32.8427,91.2402,111.9095,100.8367,-8.1343,24.5536,-2.9425,-0.7532,-2.5066,91.6957
2013-07-01,68.284,0.05,1.6723,1.2381,0.5341,-1.8304,6.6657,-4.4277,0.9832,12907.1028,0.1,0.5258,0.1535,3.8617,191.4259,-0.0083,-0.0754,109.0833,-1.5586,42.1151,32.5974,91.2857,110.9498,100.9765,-4.147,24.3934,-2.9196,-1.123,-2.2257,93.9288
2013-08-01,67.5006,0.05,1.7097,1.3856,1.0546,-1.6898,6.6008,-3.9437,0.732,12660.2189,0.1,0.4787,0.1421,3.8546,194.4868,-0.0099,-0.0215,109.4355,-1.0831,41.8249,33.5528,91.7301,110.7889,101.2497,-7.3732,24.4467,-1.8006,-1.1926,-2.1055,94.5903
2013-09-01,66.693,0.05,1.7713,1.2894,1.6802,-1.1348,6.5095,-1.928,0.8135,12757.6762,0.1,0.4751,0.0202,3.6893,198.6725,-0.0127,0.2584,109.1639,-1.478,43.4838,34.4347,93.4595,112.2071,101.2244,-5.7312,24.6346,-1.9027,-0.8814,-1.9741,93.6976
2013-10-01,63.616,0.05,1.7002,1.2807,1.9629,-0.8617,6.3094,-1.164,0.9068,12841.3263,0.1,0.4882,0.0126,3.7808,200.626,0.1021,0.5173,106.2197,1.6006,44.5677,34.1829,92.3228,111.3886,100.6325,-9.1644,25.1906,-2.6656,-0.4295,-1.846,94.8859
2013-11-01,63.8791,0.4238,1.7664,1.4197,1.7436,-0.6765,6.024,-0.0621,0.7278,12900.4114,0.1,0.3805,-0.1796,3.8047,202.5042,0.0808,0.516,104.9445,-0.8476,43.6688,34.0868,93.2021,110.3079,100.0792,-7.8958,25.1935,-0.8368,-0.457,-1.9624,92.3227
2013-12-01,62.32,0.4251,1.7507,1.5667,2.5001,-0.1302,5.9137,0.2406,0.9777,13228.4306,0.1,0.3306,-0.325,3.84,199.08,0.1248,0.3784,104.418,-2.8989,45.1228,33.3968,93.2508,109.7425,99.8432,-4.845,25.1506,-0.6891,-0.3389,-1.9444,90.0041
2014-01-01,62.3244,0.824,2.008,1.0935,2.3256,0.5877,5.6046,0.9772,1.0865,13392.8625,0.1,0.379,-0.3723,3.6329,196.1606,0.0314,0.5327,106.6851,-1.7614,46.7392,34.9551,96.0767,108.0218,100.1639,-3.2569,24.9706,-1.9126,0.3594,-1.6081,90.2154
2014-02-01,64.4008,1.4886,2.4604,1.1601,2.5176,1.2076,5.2024,3.5609,1.0019,13773.6003,0.1,0.5336,-0.2915,3.5446,191.3995,0.2274,0.4243,108.9303,0.6572,46.713,35.5925,96.9832,111.1489,100.5421,1.8048,25.0248,-2.7454,0.7474,-1.1295,92.1221
2014-03-01,63.8063,1.9678,2.8294,1.173,2.9576,1.8576,4.7107,6.1176,0.8701,13931.646,0.1,0.6076,0.0319,3.4016,202.4182,0.5682,0.7303,111.6634,1.6022,46.9309,37.8954,100.1082,108.3052,100.6917,-0.6548,25.0533,-1.8984,1.1244,-0.8231,93.1807
2014-04-01,63.2012,2.7327,3.3354,1.2228,3.5312,2.5929,4.172,8.5643,1.1254,14295.1465,0.1,0.7121,0.0045,3.3018,206.6772,0.3135,0.7089,112.4301,1.8998,46.1588,39.4799,102.4159,107.3852,101.2265,5.5782,25.253,0.504,1.4034,-0.1745,95.7992
2014-05-01,65.1706,3.4831,3.766,1.6301,4.3711,2.9647,3.6697,10.5074,1.1575,14818.8642,0.1,0.6638,0.1294,3.1481,212.8224,0.368,0.3081,116.7178,4.7366,50.3704,39.779,105.6186,103.3193,101.9592,-2.4467,25.7274,1.2389,2.5228,0.3598,97.6379
2014-06-01,66.0169,3.902,4.0589,1.9469,5.1521,2.6523,3.2919,10.7175,1.2479,15441.0052,0.1,0.7228,0.1571,3.0422,214.4319,0.4851,0.9579,117.7687,5.8578,52.9229,42.0389,109.0473,101.9298,102.9885,4.3807,26.1862,-0.5299,3.7111,0.9691,100.3638
2014-07-01,67.4637,3.3231,3.8466,2.2281,5.4862,2.4379,2.9865,6.979,1.4388,15844.5176,0.1,0.785,0.4643,2.9218,221.9099,0.5678,0.6493,115.306,10.0199,53.782,43.417,113.7932,97.0905,102.728,3.9247,26.1329,0.8589,3.7194,1.0293,102.7674
2014-08-01,67.0116,3.3086,3.8812,2.8194,5.3557,1.8642,3.13,6.6151,1.478,16010.8576,0.1,0.8988,0.4768,2.8807,226.5063,0.7409,0.8199,115.5647,13.4282,56.4594,43.6915,115.399,98.8426,102.6899,7.8289,26.0854,2.0255,3.9241,1.5019,106.4348
2014-09-01,68.1321,2.9363,3.7666,2.8894,4.602,0.9576,3.3264,3.077,1.5664,16030.7863,0.1,0.9094,0.5473,3.0087,237.0963,0.7358,0.9674,115.5208,14.9535,54.0476,43.3212,113.7273,100.4534,102.6239,10.6321,26.0311,4.1988,3.2891,1.4114,106.7471
2014-10-01,67.1937,2.3243,3.5848,3.206,4.2155,0.2626,3.6921,2.5152,1.8784,15301.2877,0.1,0.8295,0.7352,3.1257,241.4947,0.9733,0.8876,114.0859,11.0646,51.9946,41.5597,109.1965,100.9664,102.3718,8.3394,25.778,6.984,2.664,0.9525,105.0235
2014-11-01,66.3008,2.2168,3.5144,3.468,3.7935,-0.2055,4.3263,0.5459,1.7392,14964.7517,0.1,0.7334,0.9203,3.415,235.4222,0.7418,0.3933,114.6029,11.0287,50.3653,40.0871,104.6433,99.7327,102.2466,2.4731,25.6978,5.6737,2.4851,0.5718,101.318
2014-12-01,67.2092,2.159,3.5225,3.4061,2.9114,-0.8573,4.754,-1.2448,1.6956,14249.9993,0.1,0.6317,1.0715,3.4881,226.296,0.4961,-0.0254,112.0774,6.7218,48.5686,39.1061,103.0853,103.5629,102.1771,3.4779,25.3389,3.4664,1.1698,-0.3401,96.8479
2015-01-01,66.4239,1.7587,3.2633,3.1359,2.5809,-1.5479,5.2997,-4.5727,1.4463,13972.1149,0.1,0.5962,1.0973,3.6804,211.8069,0.353,-0.076,110.3993,5.7006,45.9761,37.0594,98.3423,108.1365,101.5045,5.0433,24.8185,1.7194,0.0394,-0.8295,95.8993
2015-02-01,67.5735,1.7497,3.1654,2.9257,1.135,-2.1542,5.7397,-5.9227,0.9264,13486.0918,0.1,0.505,1.1842,3.6877,207.7831,0.2536,0.3618,111.0755,1.5374,45.4527,35.7792,95.9629,105.9396,100.8712,-1.3442,24.5948,-0.0951,-0.5006,-1.1768,93.1179
2015-03-01,71.1042,1.4516,2.8471,2.7452,0.4589,-2.2982,6.2273,-8.3839,0.5746,13035.3257,0.1,0.5367,1.2361,4.0328,196.0749,0.2625,0.1877,109.855,2.3371,40.1546,32.9333,87.6019,108.6312,100.9988,-0.2269,24.0241,0.8475,-2.3121,-1.5838,93.4945
2015-04-01,68.609,1.8519,3.1734,2.5883,0.0607,-2.1893,6.4791,-6.2239,0.5134,12451.882,0.1,0.3238,0.9462,4.1724,194.1607,-0.0232,-0.1617,111.3888,-3.0265,40.3443,31.6042,84.5597,108.9845,101.6158,-0.786,24.1902,-1.0232,-2.0581,-2.6083,89.4789
2015-05-01,67.5609,2.0086,3.1374,2.2889,0.5257,-1.9721,6.5857,-5.8412,0.7401,12268.2656,0.1,0.2304,0.7374,4.215,176.6515,0.0126,-0.2026,111.6347,-3.0816,40.8974,32.1399,86.9277,108.3251,101.0335,-3.0693,24.0375,-1.7822,-2.1102,-2.9536,89.571
2015-06-01,69.2181,2.092,3.0743,1.9778,-0.1096,-1.3905,6.4647,-6.6557,0.8279,11977.8669,0.1,0.1701,0.4643,4.2069,172.1315,-0.0727,0.0124,113.7692,-5.3725,42.8874,32.8183,89.8559,107.0676,101.0009,-7.1053,24.3053,-4.4775,-1.6873,-2.8866,87.3071
2015-07-01,69.023,2.2791,3.1667,1.6787,0.0765,-0.7953,6.3113,-2.4104,0.376,12423.1611,0.1,0.0807,0.3264,4.0492,173.172,0.0015,0.3154,112.6313,-4.7968,44.5728,33.7383,92.4694,107.7984,100.7867,-7.2108,24.4514,-3.6141,-1.3528,-2.546,87.0654
2015-08-01,70.7466,2.6088,3.2251,1.262,0.9748,0.2602,5.9638,2.3881,0.1165,12591.9632,0.1,0.1721,0.4283,4.0291,177.7199,-0.0877,0.1507,113.3257,-4.6066,42.8279,34.0617,93.5856,105.7371,100.7519,-5.1293,24.5494,-3.2002,-0.575,-1.9935,89.4546
2015-09-01,69.247,3.0678,3.4285,1.1739,1.3834,0.8564,5.4435,1.7002,0.7455,12747.1594,0.1,0.1611,0.1262,3.5829,184.3175,0.0017,0.0128,114.6883,-5.7354,48.6476,37.1849,99.7602,105.989,100.8814,-0.8305,25.0094,-0.7463,0.392,-1.3132,90.3757
2015-10-01,69.7456,3.5734,3.7169,1.3246,1.9508,1.1574,4.7769,4.2178,1.131,13645.7598,0.1,0.4168,0.1184,3.4942,182.7951,0.4057,0.2528,117.3815,2.8853,49.4258,37.6356,103.9713,104.1008,100.5032,0.0602,24.9831,-1.7671,0.8997,-0.2018,97.6562
2015-11-01,69.5305,3.4475,3.6756,0.9958,1.8181,1.205,4.5736,4.193,1.0997,14535.2055,0.1,0.5733,0.2025,3.3259,205.5659,0.4951,0.2041,115.4292,6.5841,52.5671,38.3486,106.3587,103.2167,100.1978,-2.5158,25.2807,-1.5309,1.3525,-0.0486,100.8566
2015-12-01,69.7452,3.0813,3.4018,1.4114,2.909,1.4324,4.3268,2.7776,1.2358,14489.2636,0.1,0.655,0.3766,3.2883,205.4467,0.5982,0.5114,116.0655,9.3162,52.2633,38.6127,108.5319,104.6644,99.7991,3.2415,25.5344,3.29,1.9288,0.4003,104.1202
2016-01-01,70.237,2.6986,3.165,1.8525,3.5606,1.4277,4.1691,3.8601,1.3881,14860.596,0.1,0.5992,0.4984,3.0246,216.0775,0.511,0.5107,115.8266,12.4209,53.3402,40.0202,111.7849,102.9119,100.2462,3.8534,25.655,4.6977,2.1536,0.6235,102.8053
2016-02-01,68.4557,2.307,3.0011,2.1182,4.2645,1.6337,3.9531,5.1637,1.757,14906.1852,-0.1,0.5997,0.2524,2.9355,215.3931,0.4472,0.878,118.0857,17.2808,54.4046,41.0392,113.3392,100.6929,101.407,6.1657,25.8278,6.3153,2.9338,1.064,105.6497
2016-03-01,66.9587,2.5435,3.3266,2.1099,3.9625,1.8912,3.7332,5.7139,1.5136,14722.4856,-0.1,0.7143,0.6612,2.86,228.2609,0.4753,0.997,119.9928,16.7744,53.8894,41.4221,114.0268,98.5571,101.9284,0.4307,25.5502,6.3619,2.2912,1.2229,105.4289
2016-04-01,69.0167,3.0191,3.7245,2.2784,3.5787,1.911,3.5406,5.8892,1.5289,14933.9663,-0.1,0.7405,0.8926,2.8083,229.7323,0.5738,0.7287,121.3533,18.0178,53.035,41.7273,114.0148,98.2785,102.0798,-1.0572,25.6002,5.4891,2.706,1.512,105.1653
2016-05-01,69.4626,2.6279,3.4925,2.5821,4.3265,1.202,3.4388,4.5734,1.5106,15147.5304,-0.1,0.7854,1.1585,2.6053,235.3458,0.5867,0.7834,117.2337,18.7643,55.3037,40.9105,116.561,95.3617,101.7183,4.6734,25.807,6.3437,3.0931,1.5584,105.8815
2016-06-01,69.6287,2.6338,3.6606,2.6989,3.6482,0.7828,3.5871,2.9917,1.5824,15163.1022,-0.1,0.8236,1.0274,2.6874,237.2735,0.8064,0.9018,117.4768,19.4557,55.2666,41.7792,114.7507,97.5889,101.6151,4.5302,25.9581,5.9393,2.9991,1.716,109.8773
2016-07-01,69.5717,2.6568,3.6344,3.018,3.0603,0.3617,3.9678,0.6814,1.7423,14937.5857,-0.1,0.8358,1.3684,3.1743,246.0886,0.7334,0.4858,115.4219,16.7061,51.1375,38.2453,105.2401,98.716,101.7262,-2.9419,25.4639,6.8752,1.759,1.2351,109.1316
2016-08-01,70.1031,2.5411,3.5346,3.1623,2.3677,0.2762,4.2933,-0.9169,1.5919,14626.5864,-0.1,0.5527,1.262,3.3238,240.7171,0.4102,-0.0156,111.8949,7.579,48.1537,37.4028,102.488,99.1671,101.6218,-0.0956,25.0155,6.8351,0.6312,-0.4155,102.2693
2016-09-01,68.4199,2.4052,3.3402,3.0987,2.0219,-0.2524,4.7102,-1.9405,1.1728,14193.9795,-0.1,0.4334,0.8875,3.4788,217.5432,0.1821,-0.0877,109.5077,3.8403,46.531,35.2654,100.2677,99.5823,101.6261,-1.9816,25.0817,4.5766,0.6663,-0.8315,98.1897
2016-10-01,67.03,2.1656,3.1215,2.9693,2.3281,-0.6159,4.8999,-2.7973,1.1959,13788.0822,-0.1,0.3942,0.8101,3.6539,204.1725,0.1435,-0.109,107.8692,1.2932,46.0662,33.8215,98.1421,101.0336,101.1855,0.5704,24.8249,1.9804,0.097,-1.0303,95.2883
2016-11-01,68.9514,2.3511,3.2736,2.7524,1.5778,-0.8708,5.1236,-3.7183,0.9169,13526.0488,-0.1,0.4235,0.9252,3.6086,198.8248,0.064,-0.0415,108.5985,2.7841,45.7372,33.779,97.7449,103.5036,100.8494,-0.4423,24.6916,1.5501,-0.44,-1.3806,93.1695
2016-12-01,69.1917,2.2876,3.1926,2.6769,1.1789,-1.5854,5.2343,-5.511,1.005,13309.8798,-0.1,0.4045,0.8275,3.5582,193.6186,0.0705,0.1595,111.8955,2.0364,48.1814,35.5235,100.6411,102.6143,101.5413,-1.2303,24.9818,1.6477,0.357,-1.5169,92.8474
2017-01-01,70.4547,2.2537,3.3166,2.4982,1.3517,-1.658,5.4066,-6.0886,0.9768,13132.84,-0.1,0.4448,0.6213,3.6627,196.6249,0.0212,0.2418,114.8701,1.9308,44.3044,34.8333,96.2259,103.295,102.1044,-4.9308,24.3588,-0.3217,-0.6637,-1.5186,96.137
2017-02-01,69.5552,2.5552,3.5475,2.3575,0.5779,-1.9194,5.6143,-6.6501,0.7202,12915.0791,-0.1,0.4284,0.6255,3.9068,199.6129,0.1063,0.2711,116.4786,1.4362,40.613,32.9741,91.7741,105.6893,102.2558,-0.706,24.1324,0.8118,-1.8169,-1.5277,94.2668
2017-03-01,71.6046,2.1953,3.2893,2.2181,0.2333,-2.0356,5.7731,-6.3326,0.8034,12627.3562,-0.1,0.3154,0.7487,3.8501,192.9647,-0.1467,-0.0707,115.9035,-2.6812,42.4682,33.6068,93.3757,107.1766,102.4759,-9.4415,24.478,1.8393,-0.4888,-2.3986,91.2936
2017-04-01,72.093,1.7525,2.9929,2.1522,0.3535,-2.2335,6.0802,-6.4856,0.6836,12381.373,-0.1,0.408,0.4892,3.8006,179.1405,-0.168,0.0953,113.4984,-2.6195,44.5946,34.4138,92.2313,104.4324,102.297,-7.8253,24.5242,-3.2662,-0.4279,-2.0881,93.6111
2017-05-01,72.7824,1.3019,2.7072,2.139,0.4279,-2.297,6.2209,-7.1197,0.7715,12191.7619,-0.1,0.4045,0.3005,3.9124,184.7182,0.0169,0.0664,111.1178,-1.579,43.2496,33.4963,89.6651,106.7,102.348,-9.1816,24.2229,-4.6777,-0.8971,-2.0764,93.2889
2017-06-01,73.5686,1.031,2.6371,1.8422,0.0398,-2.8111,6.2369,-8.0886,0.6956,12201.3609,-0.1,0.3389,0.139,3.6561,185.1503,-0.1521,0.4147,111.3579,-2.7579,43.7046,34.9782,93.566,106.9753,102.7431,-13.9984,24.3471,-2.1234,-0.1701,-2.1685,92.8943
2017-07-01,72.2756,0.7469,2.3871,1.8644,0.0324,-2.7636,6.2842,-7.972,0.8641,12278.2798,-0.1,0.5177,0.0819,3.7481,178.7127,-0.0492,0.7525,109.6263,-1.0713,44.1762,34.6231,93.8047,108.7581,102.2873,-8.2274,24.7147,-0.0458,-0.2493,-1.9416,96.9437
2017-08-01,69.4541,0.4913,2.2485,1.3763,-0.3515,-2.9433,6.6181,-7.9294,0.626,12135.2801,-0.1,0.3953,-0.0987,4.0774,189.0505,-0.0923,0.3861,111.0343,-3.8533,39.7049,32.7351,89.7039,109.1639,102.2976,-3.8226,24.2267,-1.5221,-1.7492,-2.0346,95.3114
2017-09-01,67.9147,0.05,1.8382,1.347,-0.4329,-2.9316,6.7678,-10.1221,0.6591,12000.0801,-0.1,0.3004,0.1066,4.1288,179.2367,-0.4566,0.1288,109.545,-8.2406,41.0997,30.8037,89.2468,109.7688,101.2709,-5.2456,24.0732,-1.5702,-2.5838,-2.9501,90.358
2017-10-01,70.3229,0.05,1.9496,1.3462,-0.7652,-2.8259,6.7531,-9.8885,0.5412,11997.5651,-0.1,0.2102,0.0123,4.0332,163.3222,-0.5268,0.0189,108.5928,-8.7092,42.7272,32.3316,88.412,110.6988,100.6907,-1.8562,24.3995,-3.3453,-1.3411,-3.0371,89.3133
2017-11-01,72.2636,0.05,1.929,1.3192,-0.7824,-2.1396,6.7836,-7.0375,0.5103,12033.4833,-0.1,0.2534,-0.1793,4.148,159.1249,-0.5665,0.0305,106.2255,-8.8976,42.4966,32.2038,85.7711,111.3033,100.211,-9.0572,24.3933,-6.7879,-1.3911,-2.6572,91.382
2017-12-01,71.6934,0.05,1.8803,0.8096,-0.442,-1.9862,6.7008,-4.7544,0.5328,11757.2208,-0.1,0.2235,-0.0546,3.9158,168.0583,-0.7613,-0.0142,106.1097,-9.8113,45.1484,34.1098,88.887,110.4777,100.1207,-8.1891,24.6583,-5.3532,-0.2596,-2.5903,90.9745
2018-01-01,71.2066,0.2186,1.7687,1.0042,-0.0695,-1.358,6.2747,-2.5388,0.6694,11885.3767,-0.1,0.3708,-0.0574,3.8584,164.857,-0.4433,0.1337,107.1175,-5.2092,45.4675,35.3068,91.3718,109.3786,99.9809,-6.9979,25.1463,-2.9657,0.907,-1.8529,94.3997
2018-02-01,72.7488,0.2035,1.892,1.1099,1.3253,-0.9433,5.9435,-1.7947,0.8168,12473.0218,-0.1,0.4259,-0.1569,3.6181,179.3867,-0.3447,0.1726,106.262,-6.5376,47.5676,36.2504,93.9393,106.7318,99.5567,-2.4483,25.2161,-3.2718,1.0212,-1.9147,94.4202
2018-03-01,72.4361,0.7296,2.193,1.1264,1.3236,-0.4617,5.5732,-1.3457,0.9817,12946.7715,-0.1,0.5163,-0.1405,3.3945,182.7767,0.056,0.2768,106.6715,-2.9566,48.091,37.5028,98.6999,106.6331,99.919,-3.6315,24.9681,-1.6803,1.2696,-1.012,97.2896
2018-04-01,70.4383,0.9807,2.3547,1.217,1.9919,-0.0484,5.5086,1.8383,0.9422,13305.9254,-0.1,0.5727,0.0539,3.3847,195.5215,0.4063,0.3276,111.071,3.5269,47.7408,38.7369,100.2059,105.9918,100.4102,0.6497,25.1005,-2.3856,1.5809,-0.7384,100.2983
2018-05-01,72.3263,1.2509,2.515,1.2745,2.1785,0.7938,5.0881,2.4588,0.7237,13594.3468,-0.1,0.5873,0.1587,3.1217,201.9788,0.3974,0.0261,111.9776,4.4346,50.2073,38.411,104.804,104.6122,100.8902,1.328,25.4313,-0.0446,1.5823,-0.6428,100.8116
2018-06-01,73.007,1.3494,2.5847,1.6458,3.1851,1.4004,4.7043,5.3049,1.1584,13796.5308,-0.1,0.7278,0.2602,3.111,201.9048,0.603,0.1668,111.8204,6.1857,50.1928,39.7875,106.4101,101.9066,101.1469,2.7329,25.4258,-1.4783,2.0863,0.3098,106.6492
2018-07-01,69.191,2.2598,3.0606,2.1328,3.6153,1.881,4.254,6.7157,1.0578,14388.0933,-0.1,0.7075,0.2938,2.7265,213.8623,0.4284,0.2402,118.1732,5.0009,52.8871,42.7689,113.0826,98.7628,102.7815,-4.9411,25.7025,0.9682,2.8596,0.2594,105.0969
2018-08-01,68.7534,2.8395,3.4642,1.9271,3.8753,2.1134,3.7336,6.5057,1.2926,14612.0523,-0.1,1.0358,0.9413,2.5939,211.4281,0.6691,0.5138,120.0158,14.5759,53.4656,43.4457,114.388,98.5651,103.2105,1.8172,25.8123,5.2428,3.3159,1.3365,108.5012
2018-09-01,68.9859,3.0751,3.5011,2.5538,4.5597,2.3953,3.3599,7.5811,1.0788,15092.3958,-0.1,1.1065,1.1277,2.4589,230.6584,0.794,0.8328,118.4665,16.6842,56.4419,44.1421,114.3175,97.4283,102.6007,1.3309,26.1499,5.3676,3.7063,1.8177,109.9005
2018-10-01,69.707,3.2905,3.9564,2.7086,4.6302,2.5297,3.1612,9.3731,1.4531,15411.4311,-0.1,1.0729,1.0803,2.3497,236.1315,0.9591,0.8379,121.21,19.1112,56.3435,47.4569,116.7457,94.5466,103.3197,4.1893,26.3564,6.1442,4.9842,2.2022,110.8036
2018-11-01,69.9359,3.5762,4.2829,3.1168,5.2601,2.123,2.9764,7.4437,1.7376,15503.0064,-0.1,1.1567,1.3793,2.1907,238.0589,1.1479,0.5169,121.2618,20.8075,59.9908,47.0095,119.5918,92.9627,103.4838,5.405,26.2326,8.0618,4.6061,2.6144,113.1283
2018-12-01,69.0097,4.0372,4.6865,3.1753,4.7282,1.7326,2.893,5.6557,1.3856,15684.566,-0.1,1.2637,1.3934,2.1266,244.142,1.2516,0.5462,121.3293,27.8941,62.8232,48.5556,120.8634,92.4076,104.3817,9.9791,26.4023,8.6888,5.0929,3.1222,118.5792
2019-01-01,68.8618,3.9967,4.8808,3.4226,4.5671,1.1488,3.1418,3.6766,1.4805,15879.8666,-0.1,1.2958,1.4418,2.0991,256.6105,1.2804,0.753,123.861,29.2516,61.0038,49.6045,121.0616,93.1948,104.9505,8.0638,26.3496,11.3089,5.0595,3.1238,116.9984
2019-02-01,69.3121,3.5621,4.7693,3.3724,4.2197,0.6537,3.227,1.0868,1.6614,15451.7654,-0.1,1.3775,1.4624,2.03,262.6878,1.2583,0.7235,122.3383,29.581,62.6249,48.5147,120.5436,91.1498,105.1902,12.4061,26.6124,12.328,5.8581,3.2211,117.3285
2019-03-01,68.9368,3.8136,4.7952,3.4256,3.4773,0.0786,3.7137,-1.6236,1.5138,15050.5019,-0.1,1.3953,1.3639,2.1681,266.7523,1.1415,0.5936,123.1664,29.9504,60.4833,48.5768,118.307,87.2584,106.1098,10.8447,26.1111,13.0713,4.8977,3.1558,117.0459
2019-04-01,68.4214,3.6526,4.6048,3.4379,2.9863,-0.5366,4.0957,-2.6899,0.967,14548.1368,-0.1,1.3648,1.3666,2.4511,267.8821,1.0174,0.5572,120.3815,33.1352,58.6108,46.2979,113.5682,90.8161,105.5416,9.4193,25.971,13.5428,4.5917,2.8825,115.8857
2019-05-01,70.2764,3.5409,4.5652,3.182,1.8216,-0.8817,4.4874,-2.8857,1.1494,13992.3075,-0.1,1.2468,1.5954,2.6927,262.0356,0.8167,0.2962,119.7832,25.483,54.6131,43.6148,109.0774,93.124,105.2315,8.0459,25.5527,12.5282,2.2821,1.724,111.6052
2019-06-01,68.8877,2.9001,4.1264,3.1182,1.4264,-1.048,5.0587,-4.5898,1.3812,13363.1282,-0.1,1.1887,1.9468,2.8951,247.1841,0.7068,0.1147,115.3719,20.5526,53.9837,41.9182,105.9418,93.1507,104.6807,3.0244,25.327,11.0964,1.8314,1.0633,108.144
2019-07-01,68.4059,3.2481,4.3418,2.9669,0.5679,-1.045,5.3684,-4.7144,0.8103,13117.8895,-0.1,1.0546,1.7857,3.0337,236.4837,0.5531,-0.1632,115.3338,13.4378,50.463,40.0367,100.5526,94.8865,104.3751,-0.9703,25.2327,8.4328,1.3609,0.4281,105.642
2019-08-01,65.5795,2.9036,4.0404,2.4721,0.3894,-1.1503,5.5988,-5.4353,1.0224,13004.8606,-0.1,1.0032,1.6887,3.1747,225.575,0.462,-0.2233,116.1016,8.5285,47.7238,38.5033,99.5834,97.2503,103.9454,-3.5922,25.097,5.0735,1.0575,-0.0855,102.4605
2019-09-01,66.4154,2.9178,4.1024,1.9911,-0.2486,-1.5636,5.8141,-5.6316,0.7703,12766.1815,-0.1,0.9748,1.6731,3.3017,215.1704,0.5606,-0.1253,117.5571,3.2091,49.7485,37.5687,99.0012,98.0349,103.0492,1.5943,25.4331,6.585,1.6549,-0.5371,99.017
2019-10-01,67.6518,2.594,3.781,1.7464,-0.4676,-1.6666,6.003,-4.4093,0.6912,12642.8427,-0.1,0.8854,1.6496,3.2844,206.8672,0.4647,-0.0646,116.5924,3.8352,48.3746,39.1506,99.7125,101.1197,102.3529,-2.9,25.4325,3.5175,1.5449,-0.6819,97.7775
2019-11-01,68.4822,2.174,3.5683,1.5378,0.2846,-1.1543,6.1061,-1.6393,0.8081,12534.5916,-0.1,0.8828,1.4383,3.3781,201.8251,0.4183,0.2058,115.2487,3.6231,46.1725,39.045,99.4282,99.8392,102.1276,0.5812,25.2727,1.2821,2.0533,-0.8191,97.3013
2019-12-01,69.8454,2.4927,3.8288,1.3006,0.5188,-0.7955,5.8534,-0.6394,0.8745,12605.3693,-0.1,0.856,1.3176,3.3838,205.6421,0.3213,0.1622,116.2753,1.462,47.0909,38.7161,99.9527,98.8488,102.1672,-0.8707,25.1054,4.7353,1.809,-1.0146,93.8631
2020-01-01,70.4979,2.5199,3.7396,1.2774,0.8764,-1.0591,5.6708,-2.5414,1.0534,12888.2894,-0.1,0.883,1.144,3.3681,197.8651,0.1126,0.1365,115.6766,2.2472,46.9091,38.1646,100.3661,96.8671,101.9198,0.732,24.8195,3.212,1.0952,-0.8298,93.3492
2020-02-01,70.9967,1.9292,3.4183,1.2301,0.7019,-1.244,5.4858,-3.1384,0.7769,13312.6806,-0.1,0.8562,0.9535,3.4224,198.9897,0.2055,0.5435,113.1048,2.5516,48.2169,38.4716,99.2332,100.047,101.1373,1.9169,25.0605,3.5631,1.319,-0.9746,92.9273
2020-03-01,71.6866,1.2207,3.1009,1.3172,0.9085,-1.3104,5.6298,-3.4696,0.9546,13381.9898,-0.1,0.8106,0.5731,3.371,198.8873,0.2084,0.4253,111.932,4.7442,47.4329,37.8834,99.8655,96.8554,100.8361,1.96,24.9877,3.8911,1.0513,-0.737,92.412
2020-04-01,71.2514,0.8543,2.999,1.5032,1.4593,-1.1277,5.841,-3.8189,0.8649,12971.3551,-0.1,0.7588,0.6192,3.5174,195.1112,0.3025,0.6699,111.1595,5.6682,45.8346,36.5223,97.2123,100.4644,100.9213,4.6836,24.7718,3.2675,0.0726,-0.6255,93.9672
2020-05-01,73.026,0.6852,2.9738,1.671,1.4791,-1.1184,5.7918,-4.4331,0.9287,12953.2491,-0.1,0.6478,0.4195,3.498,195.8491,0.1049,0.3304,111.2705,5.0612,47.8743,37.3627,97.27,102.4544,100.5484,-2.9367,24.909,1.9251,0.4011,-0.6319,92.2415
2020-06-01,72.432,0.4046,2.851,1.8462,1.7309,-0.6273,5.7972,-2.7638,1.5525,12812.7277,-0.1,0.662,0.3452,3.6661,188.0481,0.1053,0.5643,114.3611,4.6389,45.1301,37.3722,97.2439,102.816,101.3682,-5.346,24.6872,2.3814,0.0277,-0.8481,95.2071
2020-07-01,70.1935,0.7576,3.0804,1.9509,2.0206,-0.7896,5.7306,-2.317,1.0855,12878.3974,-0.1,0.5251,0.3162,3.8596,190.4467,-0.1219,0.0147,115.6293,-0.6217,44.4755,35.9741,94.7914,104.4488,102.459,2.4473,24.6212,0.5459,-0.438,-1.2133,93.1032
2020-08-01,71.4535,0.6134,3.0935,1.9531,2.6671,-0.7568,5.3992,-2.3559,1.1002,12910.3553,-0.1,0.4201,0.4768,3.8594,183.6936,-0.2211,-0.0438,114.0396,-5.5837,45.4426,36.3274,95.8246,105.8858,102.3305,-3.4337,25.0476,2.0181,0.6238,-1.5532,90.0249
2020-09-01,74.2546,0.7601,3.2019,1.9292,2.6233,-0.7586,5.3699,-3.6356,1.0477,13196.4227,-0.1,0.4387,0.8037,3.6953,173.8541,0.1242,-0.3343,116.9158,-5.0189,48.8022,36.6255,97.8564,104.3468,103.4529,-2.7215,25.228,-0.327,0.8237,-1.6648,91.8551
2020-10-01,72.6866,1.0564,3.3571,1.8346,1.7794,-0.821,5.3147,-4.5818,0.592,13202.7043,-0.1,0.4636,0.6943,3.5538,174.1299,0.2665,-0.1782,116.2489,-1.0291,50.9803,37.1748,98.2679,105.3216,102.9868,5.5887,25.4765,0.8229,1.4684,-1.3206,96.0504
2020-11-01,72.477,1.3153,3.4288,1.6015,1.2826,-0.4467,5.2951,-3.677,0.5787,13224.2006,-0.1,0.545,0.7261,3.5608,184.681,0.5247,-0.0982,115.1071,2.8294,48.1649,36.7578,96.1618,110.2414,102.4868,3.9966,25.299,2.4362,1.3943,-0.9094,97.2811
2020-12-01,71.3916,1.6594,3.4568,1.4889,1.3601,-0.6829,5.2608,-3.3824,0.3937,13119.5948,-0.1,0.4934,0.503,3.6585,189.5544,0.359,-0.0744,117.8343,4.5644,45.9828,36.439,96.4554,108.8567,102.9971,-8.3616,25.3355,2.1043,1.462,-0.8787,97.9233
2021-01-01,70.7954,1.6842,3.4183,1.4237,1.1457,-0.8351,5.1885,-2.1109,0.6507,13089.4634,-0.1,0.4292,0.4586,3.6636,190.3711,0.2737,-0.5904,118.1449,1.8789,44.7928,36.0096,97.8632,106.6262,102.8376,-1.2425,24.9811,4.3767,1.0724,-1.19,96.0019
2021-02-01,70.8479,1.5301,3.4464,1.3807,0.9445,-1.116,5.242,-3.0457,0.6214,13169.5632,-0.1,0.4662,0.6265,3.7545,189.0985,0.3241,-0.0169,116.7489,1.6904,44.7278,36.9037,96.6395,107.3248,102.7094,-0.7789,24.8635,1.5604,0.7544,-1.1079,95.7515
2021-03-01,69.0076,1.3626,3.2764,1.4452,0.981,-1.0277,5.5019,-1.9188,0.6858,13157.4469,-0.1,0.4111,0.7475,3.9302,187.3957,0.3374,-0.1917,115.7932,1.4566,43.4427,35.2868,93.3481,108.2613,102.5965,-7.0118,24.6392,1.0685,0.0917,-1.3998,96.2819
2021-04-01,68.626,1.1949,3.1183,1.2568,1.321,-0.7784,5.5179,-0.9768,0.6117,13365.6154,-0.1,0.384,0.7152,4.2008,184.0159,-0.0295,-0.5386,116.8036,-4.1303,40.3481,33.3298,88.9773,110.0179,102.7795,-1.7749,24.1575,0.5448,-1.3611,-1.688,94.064
2021-05-01,66.5719,1.1661,3.0284,1.5669,1.0382,-0.6698,5.3761,-1.4465,0.9811,13273.7478,-0.1,0.2232,0.5413,4.2214,174.1201,-0.3225,-0.3421,114.8408,-10.2739,39.0066,33.8068,88.7939,110.1585,102.462,-0.2015,24.24,-0.536,-1.4537,-2.1784,88.7732
2021-06-01,65.8483,1.0351,2.9809,1.6991,1.3393,-0.8048,5.3747,-2.1908,1.092,13414.0827,-0.1,0.1659,0.4989,4.2046,158.5126,-0.2264,-0.0276,114.7745,-12.0841,41.784,33.8193,88.5346,108.9599,101.8651,-5.6245,24.5335,-2.4865,-0.8077,-2.0786,87.101
2021-07-01,64.3071,0.9121,2.8766,1.7326,1.4998,-0.9411,5.3047,-3.378,1.4465,13636.3035,-0.1,0.1195,0.4925,3.9548,158.5418,-0.0484,-0.1505,117.5714,-9.2198,42.1566,36.6188,92.5101,108.6322,102.54,-3.6544,24.3072,-3.6785,-0.4665,-2.0096,88.194
2021-08-01,62.9994,0.641,2.7626,1.5772,1.5059,-0.9751,5.3442,-1.1034,1.2453,13481.6943,-0.1,0.2285,0.3471,3.9723,159.707,0.0221,-0.0135,116.5402,-4.6733,42.2709,36.7847,92.7477,111.2018,101.8081,0.5281,24.4669,-3.3684,-0.2807,-1.2665,92.1778
2021-09-01,60.8928,0.6978,2.7801,1.6603,1.5299,-0.7381,5.4761,-2.6091,1.2984,13335.8636,-0.1,0.168,0.0644,3.8221,175.3632,-0.0769,-0.1736,114.0852,-5.307,45.2629,36.4704,93.9975,110.9483,101.1879,-3.2197,24.4497,-0.5231,-0.1567,-1.5099,93.1357
2021-10-01,62.6466,0.6489,2.8496,1.5097,1.7371,-0.157,5.4036,-0.2726,1.4431,13259.1486,-0.1,0.1438,-0.3352,3.7654,177.0051,-0.1039,0.2529,113.8499,-1.2621,46.0589,36.4345,93.158,108.4904,101.3535,-3.2268,24.5299,-2.2776,-0.2958,-1.3449,96.0402
2021-11-01,63.4606,1.2942,3.2384,1.8624,2.3386,0.3427,5.1701,2.4438,1.7505,13673.5994,-0.1,0.095,-0.3763,3.7228,183.9742,-0.0565,0.0983,115.6869,-1.4437,45.832,36.8297,94.5559,105.7774,101.7521,0.5107,24.6346,-1.4071,-0.4297,-0.8538,97.0688
2021-12-01,61.0757,1.9492,3.6989,1.6338,2.4081,0.6966,4.6914,3.1892,1.1814,13631.9149,-0.1,0.1019,-0.3182,3.8996,186.8241,-0.0548,0.5865,117.6182,0.9296,44.5196,36.0584,92.8812,104.7249,102.0112,1.3531,24.4236,1.3134,-1.0803,-0.6439,98.9181
2022-01-01,60.4797,2.2842,3.6681,1.4642,2.8129,0.9825,4.5203,3.1507,1.0333,14075.8464,-0.1,0.0064,0.1047,3.693,191.6176,-0.0234,0.0972,119.8895,-4.2129,45.6722,36.1606,96.0202,104.2714,101.6069,-1.0412,24.6167,4.7931,-0.5201,-1.2311,94.8724
2022-02-01,59.8088,2.2757,3.6363,1.7909,3.1693,1.2513,4.2676,4.1627,0.8344,14547.9231,-0.1,0.1211,0.106,3.5192,182.2722,0.2748,0.3302,119.8879,0.7811,50.1434,38.4743,98.6409,105.536,101.4462,-5.1854,24.9056,1.93,0.6896,-0.9815,99.5949
2022-03-01,59.133,2.559,3.8105,2.2521,3.535,1.3999,4.1401,5.0809,0.8676,14640.1096,-0.1,0.1874,0.1716,3.2305,191.0325,0.4164,0.2346,120.8726,2.0035,53.1635,41.0137,103.6537,101.9915,101.6911,-2.6977,24.8779,1.2825,1.5396,-0.1068,101.2764
2022-04-01,57.5572,2.807,4.1319,2.4714,3.1685,1.3339,3.9542,5.1226,1.2826,14720.9486,-0.1,0.3199,0.1954,3.1939,200.5919,0.748,0.3754,123.4897,9.2741,51.2565,41.4621,104.7532,105.0252,103.0531,2.5054,24.9486,3.5874,1.7481,0.7866,107.1516
2022-05-01,58.7056,3.1433,4.3735,2.5011,2.8969,0.9499,3.8237,4.2207,1.4509,14960.263,-0.1,0.3402,0.5099,3.1158,215.6332,0.7719,0.4097,125.0365,10.0885,52.7113,41.0304,108.687,101.1827,103.2754,0.8343,25.2546,5.383,1.8261,0.6656,106.3222
2022-06-01,58.4249,2.5752,3.9679,2.2951,3.4873,1.1383,3.9425,5.6801,1.0398,14993.5547,-0.1,0.324,0.3259,3.2112,215.3399,0.7533,0.3232,119.6932,9.1189,50.8904,40.5622,106.8392,99.1665,102.9433,6.2206,25.0733,5.8852,1.2109,0.7671,105.4363
2022-07-01,59.2158,2.2639,3.6903,2.6812,3.7392,1.2863,4.1964,6.8087,0.9057,14926.4113,-0.1,0.3307,0.3183,3.4829,222.2728,0.698,0.51,118.9314,5.6157,49.0953,38.9517,103.8049,98.5461,102.5532,3.2394,25.0604,6.594,0.3858,0.7173,103.6958
2022-08-01,60.0751,3.0656,4.1488,2.8399,4.0478,1.2011,3.9749,4.0736,1.1413,14844.9829,-0.1,0.262,0.5521,3.4682,213.6492,0.5467,0.0753,122.3836,2.1781,50.6221,38.3707,105.1027,99.0753,103.2829,-2.6831,24.9413,7.231,0.3106,-0.0048,100.0894
2022-09-01,62.025,3.7264,4.5346,2.6127,2.9439,0.7927,3.8377,2.2849,1.1296,15117.4775,-0.1,0.4056,0.9308,3.422,203.6017,0.5163,0.0718,125.1572,5.7746,49.152,39.0274,105.6631,99.5652,104.7413,-10.2215,24.9802,5.6407,1.1634,0.2133,101.6334
2022-10-01,59.8502,3.6841,4.4925,2.77,2.0178,0.5829,4.0016,2.1186,1.0591,15230.1962,-0.1,0.4658,1.0246,3.3254,202.5112,0.4417,-0.107,125.8511,4.0286,51.7331,38.2335,107.5512,99.7259,104.7805,-1.6227,25.4656,4.2676,1.6104,0.2026,101.5036
2022-11-01,62.2706,3.4084,4.4548,2.6801,2.4108,0.4025,4.3485,1.3435,1.0712,14642.1692,-0.1,0.5407,1.2268,3.4539,202.4469,0.4745,0.14,127.1017,8.4713,49.3595,37.8706,105.9138,99.1429,105.2967,1.2323,25.1229,3.07,1.2108,0.1809,101.6759
2022-12-01,64.1019,2.9131,4.1785,2.8023,2.6379,0.1,4.5161,1.4417,1.4222,14305.6043,-0.1,0.5269,1.2321,3.667,209.3399,0.3951,-0.2756,127.2823,6.8954,48.8355,35.8167,104.076,100.646,105.9078,-0.4828,24.8412,2.6531,0.4437,-0.1908,99.9127
2023-01-01,64.9923,3.0866,4.3671,2.8253,2.2164,0.3579,4.7605,2.5039,1.4843,14157.604,-0.1,0.4756,1.087,3.6986,202.9563,0.3946,-0.2581,125.9106,5.1349,47.9382,34.6854,102.9142,100.821,105.7831,-2.9478,24.7275,3.5823,0.1546,-0.6769,97.9265
2023-02-01,68.4298,3.3355,4.5845,2.8038,2.4528,0.2669,4.8074,3.5969,0.9109,14018.0351,-0.1,0.3661,1.0182,3.6376,195.2886,0.2342,-0.2393,125.9732,4.4593,47.0051,35.2955,100.7138,99.4192,106.0232,-5.1175,24.9073,0.0067,0.7166,-0.806,96.1006
2023-03-01,68.7562,3.1703,4.4443,2.6865,2.387,0.2328,4.7207,2.1266,1.1634,14090.6833,-0.1,0.3589,1.1096,3.6301,193.0195,0.2359,-0.5774,123.5386,3.2153,45.2813,33.6139,101.4598,100.8068,106.1109,-5.4345,24.5675,0.0758,0.0319,-0.7201,96.9267
2023-04-01,69.9777,3.4176,4.6764,2.6277,2.161,0.1172,4.6859,0.1322,0.9193,14264.3619,-0.1,0.3262,0.9441,3.4478,194.0027,0.3434,-0.4959,124.1786,3.1569,46.4261,34.3958,103.3026,101.2876,106.4665,-7.8993,24.6845,0.2533,0.069,-0.9717,95.6521
2023-05-01,68.9014,3.2349,4.4325,2.6583,2.0313,0.0289,4.8224,-1.9774,0.6829,14352.3744,-0.1,0.4422,1.1112,3.6769,194.7333,0.398,-0.2215,123.1632,6.0989,45.7285,33.7528,100.5138,104.3771,106.1215,-1.4594,24.6218,0.635,-0.9346,-0.4497,98.7846
2023-06-01,70.5848,3.362,4.5164,2.7646,1.5363,-0.7235,5.0517,-1.2731,0.9541,14076.1468,-0.1,0.3291,0.9883,3.8049,204.9324,0.3044,-0.4735,121.0044,1.4655,44.1118,32.8096,100.1182,104.1408,105.1232,-5.0696,24.3677,0.0665,-1.0529,-0.6299,95.3561
2023-07-01,70.8222,2.8484,4.1791,2.9302,1.4437,-0.9092,5.2525,-3.0805,0.7917,13692.1974,-0.1,0.2202,0.8944,3.8223,193.9392,0.1082,-0.4057,119.9058,2.1868,44.3762,33.3264,99.3313,108.2029,105.4481,-4.2994,24.3436,0.985,-0.9423,-1.0202,91.8459
2023-08-01,70.1379,2.5147,3.8489,2.9963,1.5295,-0.5122,5.6034,-2.4631,0.5719,13235.4948,-0.1,0.2297,0.8402,4.0701,189.6673,0.0792,-0.8183,115.6876,2.6013,41.7992,32.5342,92.2487,110.9203,104.8255,-2.7476,24.2065,-0.878,-1.2904,-1.2273,92.5682
2023-09-01,73.3234,2.4734,3.9724,2.7014,1.4387,-0.8343,5.8358,-2.4974,0.5517,13298.4546,-0.1,0.0756,0.6326,4.0055,190.1294,-0.1712,-0.6803,114.9859,-2.2453,41.7533,32.4357,92.6821,111.729,103.9734,2.265,24.1912,0.2659,-1.308,-1.7449,87.7705
2023-10-01,72.788,2.0973,3.5235,2.4523,1.5814,-0.9479,5.6329,-1.8848,0.8314,13031.0627,-0.1,0.0708,0.8522,3.7606,177.0136,0.0071,-0.7768,110.5528,-1.6013,44.2287,33.1285,97.7848,106.0031,103.4983,-3.5977,24.7023,1.6277,-0.6058,-1.7125,87.327
2023-11-01,72.7447,2.1013,3.535,2.4055,1.1387,-1.4548,5.6478,-5.496,0.3042,13160.464,-0.1,0.0796,0.2244,3.7141,177.7206,0.1744,-0.3964,109.9635,1.9474,46.0255,35.3873,95.985,103.2109,102.6218,-4.8255,24.8002,-2.2751,-0.4246,-1.1546,93.2391
2023-12-01,72.3883,1.7189,3.4404,2.2282,0.7876,-2.0547,5.8892,-6.8843,0.2371,13162.8162,-0.1,0.1226,0.177,3.9837,189.3755,0.063,-0.2995,109.9235,3.5196,44.7156,34.6959,92.9488,106.4096,102.4322,0.5271,24.946,-0.1819,-0.3245,-1.0892,94.6065
2024-01-01,71.2008,1.6476,3.3395,2.1904,0.1052,-2.864,6.3116,-8.4707,0.1911,13025.0077,-0.1,-0.028,0.1355,4.1693,189.0771,-0.2485,-0.3869,106.4095,-4.1692,42.5097,32.3645,88.4737,109.9192,101.3493,0.6401,24.8446,1.4276,-0.3892,-2.1404,90.1301
2024-02-01,71.9751,1.0616,2.9659,2.3573,-0.429,-3.5433,6.6597,-10.3114,0.189,12417.82,-0.1,-0.1452,-0.3544,4.1453,177.9287,-0.1647,-0.3249,106.5287,-9.7177,42.8169,33.0006,88.7222,111.027,101.1179,0.0034,24.6659,1.675,-0.5708,-2.7264,86.337
2024-03-01,73.0593,0.2203,2.338,2.2233,-0.5426,-3.907,7.3219,-11.015,0.3741,11858.1318,0.1,0.0861,-0.1273,4.3409,166.3551,-0.1202,-0.2102,101.437,-6.7046,40.4557,31.5977,83.3339,110.8932,100.3258,-3.19,24.6338,-1.0091,-0.8752,-3.1292,87.0057
2024-04-01,73.542,0.05,2.1923,2.1965,-1.0611,-3.8504,7.8181,-11.8953,0.147,11388.0818,0.1,-0.0238,-0.2125,4.5511,169.0418,-0.3815,-0.1291,103.7705,-11.4979,36.863,29.8092,77.9523,117.178,100.545,-9.8788,24.4258,-2.3433,-1.6146,-3.7315,84.3086
2024-05-01,69.9162,0.05,2.3072,1.7992,-1.732,-3.4992,7.9209,-9.4016,0.2516,11136.445,0.1,-0.1977,-0.1627,4.5606,158.5623,-0.498,-0.2911,102.2711,-15.9335,36.9181,28.6977,74.9528,116.8566,100.6264,-10.2549,24.286,-2.6393,-1.7533,-4.518,80.6798
2024-06-01,71.4137,0.05,2.1841,1.4952,-0.954,-3.355,7.9314,-10.6398,0.2076,11026.9041,0.1,-0.2475,-0.2564,4.5256,149.0807,-0.6047,-0.3682,102.8475,-15.1809,35.4121,28.8387,77.8882,114.0573,100.1588,-16.5553,24.069,-4.7102,-2.4277,-4.2951,81.1556
2024-07-01,70.862,0.05,2.0456,1.2338,-0.7425,-2.2824,7.6921,-7.1041,0.2587,10980.8694,0.1,-0.3229,-0.6235,4.4808,149.3567,-0.5145,0.0599,102.8819,-14.6078,36.5238,28.6514,78.7612,113.9546,100.28,-15.114,24.3395,-4.9828,-1.9364,-4.3034,81.3086
2024-08-01,69.058,0.2267,1.9182,0.7173,-0.4893,-1.3953,7.4244,-4.3396,0.7018,11526.7236,0.25,-0.1946,-0.4051,4.4463,150.8204,-0.5845,-0.3191,101.8101,-14.4771,37.1244,29.2183,79.0545,116.1958,100.1403,-3.8615,24.272,-3.0962,-2.071,-3.8047,81.2906
2024-09-01,69.9574,0.7515,2.2459,0.8652,0.1875,-0.9925,6.8646,-2.0946,0.4211,11571.9229,0.25,-0.197,-0.4557,4.1872,155.8017,-0.5061,-0.3175,101.7481,-16.0895,41.6046,30.6771,84.2565,113.5333,99.8094,-3.7348,24.6895,-6.1484,-0.8168,-2.8764,83.5158
2024-10-01,70.7901,1.0167,2.475,0.9791,0.6707,-0.0408,6.403,1.292,0.4514,12310.4527,0.25,-0.0468,-0.8898,3.9884,161.5755,-0.4192,-0.4981,102.5228,-13.8073,40.6086,32.7514,88.4451,113.8289,100.1537,-6.2268,24.6078,-7.3503,-0.9059,-2.5459,87.7062
2024-11-01,69.2408,1.2958,2.6464,1.2806,2.3123,0.8784,5.9596,3.6344,0.5902,12854.4201,0.25,0.0656,-0.9206,3.83,174.0309,-0.2034,-0.0868,105.4951,-11.0907,42.0093,34.4181,91.2472,111.119,100.9031,-6.829,24.9409,-7.2083,0.5394,-1.7985,91.1208
2024-12-01,72.9467,1.9904,3.2133,1.2849,2.955,1.1181,5.2014,5.5468,0.6862,13409.4105,0.25,0.1766,-0.6418,3.35,181.2003,0.0626,0.0044,110.1799,-8.1714,50.5456,37.3228,99.6,110.5752,101.6345,-6.9029,25.4893,-1.9853,1.9339,-1.0441,93.746
2025-01-01,71.0584,2.1852,3.2904,1.4373,3.3832,1.1099,4.6284,4.7071,0.9452,14167.7294,0.25,0.3993,-0.3107,3.2408,188.0284,0.4018,0.6147,111.9032,-1.5889,51.7609,39.1309,104.0998,107.8825,102.4851,-5.1836,25.5161,-1.7579,2.5582,0.1497,102.6204
2025-02-01,68.4983,1.5368,2.909,1.6259,4.1106,1.5114,4.3629,3.7328,1.1198,14664.4589,0.5,0.7353,-0.2893,2.9098,214.6462,0.5447,0.5953,111.7606,2.5459,55.8323,41.063,107.3052,104.6109,102.1922,0.5967,26.0227,0.388,3.6287,0.5166,103.7708
2025-03-01,66.887,1.9802,3.3877,1.9403,3.5766,1.7508,4.2317,4.9217,1.204,14948.4951,0.5,0.8853,-0.0844,2.6335,219.8175,0.7059,0.6859,115.2874,7.7766,56.356,44.3786,112.4875,101.9761,102.1649,4.8577,25.9273,2.8092,3.5131,1.1751,108.1719
2025-04-01,68.9755,2.3416,3.592,2.3332,3.7834,1.9591,4.082,4.9764,1.6126,14873.9469,0.5,0.9832,0.3143,2.8243,236.6532,0.9042,1.2729,116.3649,17.0475,52.5098,44.4595,110.5201,102.4891,102.5772,6.2453,25.9152,4.4631,3.6241,2.2046,111.2366
2025-05-01,68.7415,2.7041,3.9114,2.8318,4.0904,1.9067,3.9009,5.426,1.4844,14689.0487,0.5,0.8645,0.356,2.8029,251.8144,0.7802,1.0421,119.4818,15.7424,54.2754,43.5384,112.3401,99.5443,103.4456,9.8161,25.9326,7.1718,3.6228,1.8162,108.5019
2025-06-01,68.2313,2.6807,4.0138,2.9828,3.6291,1.9319,3.9005,7.2592,1.3699,14829.008,0.5,0.8979,1.0181,2.7768,242.4969,0.8974,0.5323,121.0206,18.1492,54.6017,42.8886,114.5759,96.2919,104.5901,-0.9674,25.7079,9.3527,3.3019,1.9323,109.0568
2025-07-01,68.1772,2.8897,4.1753,2.9773,3.96,2.1491,3.8967,5.7544,1.1063,14802.0059,0.5,0.9635,1.2658,2.9163,245.3072,0.8829,0.112,123.8744,15.0985,54.2223,41.7389,112.4554,97.2045,105.7508,6.7588,25.6901,7.0245,2.9044,1.854,110.0069
2025-08-01,67.3639,3.3416,4.4435,3.1665,3.5653,1.743,3.8363,5.8429,1.2083,14896.142,0.5,0.8957,1.4364,3.0068,244.9462,0.7355,-0.1829,126.0354,13.3486,55.1043,41.2705,112.0607,99.2562,106.3203,10.4307,25.769,9.07,3.23,1.762,107.9698
2025-09-01,66.4454,3.3919,4.4049,3.4321,3.8774,1.1155,3.9878,4.5996,1.297,15050.4,0.5,0.9227,1.7476,3.096,241.2141,0.5727,0.0467,126.5367,15.5759,54.3512,40.9688,112.2196,100.0111,106.0693,7.1227,25.9296,7.5588,3.0063,1.2092,105.4348
2025-10-01,65.6251,3.3476,4.4236,3.2112,3.3148,1.2414,4.1664,6.9042,1.2316,14861.6274,0.5,0.9461,1.6581,3.0677,239.8875,0.5406,0.0492,127.9446,13.2217,51.8283,42.5664,112.9472,97.3328,106.4275,1.4094,25.4935,7.5285,2.5795,1.0317,104.5153
2025-11-01,66.694,3.9766,4.741,3.2445,3.3892,1.2784,4.4627,4.2883,0.7208,14776.3059,0.5,0.9282,1.6092,3.2455,236.0254,0.4856,0.2139,129.6612,15.6212,49.8918,40.6059,108.8275,99.6535,106.1402,1.6692,25.6577,7.0215,2.6788,1.041,104.3684
2025-12-01,68.2046,4.1391,4.796,3.2923,3.1589,0.7918,4.4596,2.6444,0.6942,14586.1426,0.5,0.8523,1.7085,3.0385,238.4284,0.4835,0.0669,128.2457,11.54,50.1822,41.1845,113.2027,98.0668,105.7714,-2.3111,25.525,7.3069,2.3021,0.709,101.1116
2026-01-01,66.7447,3.7354,4.5035,3.2601,3.0352,0.244,4.6112,0.7509,0.9335,14901.1845,0.5,1.0397,1.5535,3.0805,228.8576,0.5143,0.1421,126.2907,15.497,52.2319,41.4195,110.5086,96.744,105.3387,-1.5983,25.6057,6.0746,2.0557,1.2436,106.2381
2026-02-01,67.1448,3.5634,4.3235,3.1004,2.2168,-0.055,4.7843,0.8807,0.7684,14499.4282,0.5,1.0,1.3301,3.1861,241.3019,0.5864,0.1242,125.2084,19.4144,51.1275,41.7935,108.5348,98.144,104.9196,-3.641,25.4726,3.6869,2.7619,1.0932,106.5129
