date,world_oil_price,us_short_rate,us_long_rate,us_inflation,us_unemployment,us_gdp,us_gdp_gap,us_manufacturing_confidence,us_wage_growth,us_consumption
2000-01-01,27.26,5.45,6.66,2.738892270237381,4.0,4.2,1.6819444833694908,13.4,,
2000-02-01,29.37,5.73,6.52,3.221884498480243,4.1,4.2,1.6819444833694908,11.6,,
2000-03-01,29.84,5.85,6.26,3.7575757575757596,4.0,4.2,1.6819444833694908,9.8,,
2000-04-01,25.72,6.02,5.99,3.0685920577617543,3.8,5.2,2.4819392112257033,9.4,,
2000-05-01,28.79,6.27,6.44,3.1889290012033777,4.0,5.2,2.4819392112257033,6.4,,
2000-06-01,31.82,6.53,6.1,3.73044524669075,4.0,5.2,2.4819392112257033,2.8,,
2000-07-01,29.7,6.54,6.05,3.659268146370742,4.0,4.0,1.5901398775344466,5.0,,
2000-08-01,31.26,6.5,5.83,3.4111310592459754,4.1,4.0,1.5901398775344466,-0.2,,
2000-09-01,33.88,6.52,5.8,3.4544371649791517,3.9,4.0,1.5901398775344466,-0.6,,
2000-10-01,33.11,6.51,5.74,3.4482758620689724,3.9,2.9,1.254716318179483,-2.6,,
2000-11-01,34.42,6.51,5.72,3.446226975638722,3.9,2.9,1.254716318179483,-3.0,,
2000-12-01,28.44,6.4,5.24,3.3868092691621943,3.9,2.9,1.254716318179483,-12.2,,
2001-01-01,29.59,5.98,5.16,3.7322274881516515,4.2,2.2,0.04306356909438147,-17.2,,
2001-02-01,29.61,5.49,5.1,3.5335689045936425,4.2,2.2,0.04306356909438147,-17.8,,
2001-03-01,27.25,5.31,4.89,2.9205607476635587,4.3,2.2,0.04306356909438147,-14.8,,
2001-04-01,27.49,4.8,5.14,3.2691185055458316,4.4,1.0,-0.1508499349606396,-13.8,,
2001-05-01,28.63,4.21,5.39,3.6151603498542295,4.3,1.0,-0.1508499349606396,-16.2,,
2001-06-01,27.6,3.97,5.28,3.248259860788849,4.5,1.0,-0.1508499349606396,-12.2,,
2001-07-01,26.43,3.77,5.24,2.719907407407396,4.6,0.5,-1.2978766777368533,-10.6,,
2001-08-01,27.37,3.65,4.97,2.719907407407396,4.9,0.5,-1.2978766777368533,-3.4,,
2001-09-01,26.2,3.07,4.73,2.648244099021313,5.0,0.5,-1.2978766777368533,-4.6,,
2001-10-01,22.17,2.49,4.57,2.126436781609198,5.3,0.2,-1.7155928784616692,-19.0,,
2001-11-01,19.64,2.09,4.65,1.895462377943713,5.5,0.2,-1.7155928784616692,-10.0,,
2001-12-01,19.39,1.82,5.09,1.551724137931032,5.7,0.2,-1.7155928784616692,-6.6,,
2002-01-01,19.72,1.73,5.04,1.142204454597362,5.7,1.3,-1.5359127971890096,-1.8,,
2002-02-01,20.72,1.74,4.91,1.1376564277588264,5.7,1.3,-1.5359127971890096,6.4,,
2002-03-01,24.53,1.73,5.28,1.4755959137344066,5.7,1.3,-1.5359127971890096,10.0,,
2002-04-01,26.18,1.75,5.21,1.6393442622950838,5.9,1.3,-1.5404165468815068,8.8,,
2002-05-01,27.04,1.75,5.16,1.1817670230725996,5.8,1.3,-1.5404165468815068,10.4,,
2002-06-01,25.52,1.75,4.93,1.0674157303370846,5.8,1.3,-1.5404165468815068,11.6,,
2002-07-01,26.97,1.73,4.65,1.4647887323943731,5.8,2.1,-1.7256408749504515,2.4,,
2002-08-01,28.39,1.74,4.26,1.8028169014084439,5.7,2.1,-1.7256408749504515,1.8,,
2002-09-01,29.66,1.75,3.87,1.5143017386427315,5.7,2.1,-1.7256408749504515,2.6,,
2002-10-01,28.84,1.75,3.94,2.025886325267323,5.7,2.0,-2.1743644631838643,0.0,,
2002-11-01,26.35,1.34,4.05,2.19842164599775,5.9,2.0,-2.1743644631838643,-1.6,,
2002-12-01,29.46,1.24,4.03,2.376910016977929,6.0,2.0,-2.1743644631838643,6.2,,
2003-01-01,32.95,1.24,4.05,2.5974025974025983,5.8,1.7,-2.2279955020587994,5.6,,
2003-02-01,35.83,1.26,3.9,2.9808773903261976,5.9,1.7,-2.2279955020587994,-0.2,,
2003-03-01,33.51,1.25,3.81,3.0201342281878985,5.9,1.7,-2.2279955020587994,-7.2,,
2003-04-01,28.17,1.26,3.96,2.2246941045606317,6.0,2.0,-1.9387253714432062,-7.0,,
2003-05-01,28.11,1.26,3.57,2.057842046718572,6.1,2.0,-1.9387253714432062,0.0,,
2003-06-01,30.66,1.22,3.33,2.1122846025569686,6.3,2.0,-1.9387253714432062,1.0,,
2003-07-01,30.76,1.01,3.98,2.1099389228206533,6.2,3.2,-0.8951039048047393,4.6,,
2003-08-01,31.57,1.03,4.45,2.158273381294973,6.1,3.2,-0.8951039048047393,11.0,,
2003-09-01,28.31,1.01,4.27,2.3204419889502725,6.1,3.2,-0.8951039048047393,8.8,,
2003-10-01,30.34,1.01,4.29,2.0408163265306145,6.0,4.3,-0.34921577055467834,14.4,,
2003-11-01,31.11,1.0,4.3,1.7650303364588948,5.8,4.3,-0.34921577055467834,21.2,,
2003-12-01,32.13,0.98,4.27,1.8794914317302513,5.7,4.3,-0.34921577055467834,26.2,,
2004-01-01,34.31,1.0,4.15,1.9262520638414937,5.7,4.3,-0.40474967049471955,25.8,,
2004-02-01,34.69,1.01,4.08,1.6930638995084513,5.6,4.3,-0.40474967049471955,24.4,,
2004-03-01,36.74,1.0,3.83,1.7372421281216077,5.8,4.3,-0.40474967049471955,24.6,,
2004-04-01,36.75,1.0,4.35,2.285092491838947,5.6,4.2,-0.2625371188179404,26.0,,
2004-05-01,40.28,1.0,4.72,3.051771117166213,5.6,4.2,-0.2625371188179404,25.8,,
2004-06-01,38.03,1.03,4.73,3.2661948829613596,5.6,4.2,-0.2625371188179404,23.0,,
2004-07-01,40.78,1.26,4.5,2.9907558455682492,5.5,3.5,0.04015977626510292,23.0,,
2004-08-01,44.9,1.43,4.28,2.654387865655483,5.4,3.5,0.04015977626510292,19.2,,
2004-09-01,45.94,1.61,4.13,2.5377969762419017,5.4,3.5,0.04015977626510292,16.0,,
2004-10-01,53.28,1.76,4.1,3.189189189189201,5.5,3.4,0.40699015500627045,13.6,,
2004-11-01,48.47,1.93,4.19,3.5230352303523116,5.4,3.4,0.40699015500627045,13.8,,
2004-12-01,43.15,2.16,4.23,3.255561584373301,5.4,3.4,0.40699015500627045,17.2,,
2005-01-01,46.84,2.28,4.22,2.969762419006483,5.3,3.9,0.8748048795300667,12.6,,
2005-02-01,48.15,2.5,4.17,3.0075187969925032,5.4,3.9,0.8748048795300667,11.2,,
2005-03-01,54.19,2.63,4.5,3.1483457844183604,5.2,3.9,0.8748048795300667,10.6,,
2005-04-01,52.98,2.79,4.34,3.5106382978723483,5.2,3.6,0.7441663167481183,7.6,,
2005-05-01,49.83,3.0,4.14,2.8027498677948293,5.1,3.6,0.7441663167481183,3.6,,
2005-06-01,56.35,3.04,4.0,2.530311017395892,5.0,3.6,0.7441663167481183,8.0,,
2005-07-01,59.0,3.26,4.18,3.167898627243937,5.0,3.4,0.9143086862276384,12.8,,
2005-08-01,64.99,3.5,4.26,3.641160949868083,4.9,3.4,0.9143086862276384,7.0,,
2005-09-01,65.59,3.62,4.2,4.686677198525535,5.0,3.4,0.9143086862276384,16.0,,
2005-10-01,62.26,3.78,4.46,4.347826086956519,5.0,3.0,0.8679820044197539,16.2,,
2005-11-01,58.32,4.0,4.54,3.4554973821989465,5.0,3.0,0.8679820044197539,14.6,,
2005-12-01,59.41,4.16,4.47,3.4156594850236477,4.9,3.0,0.8679820044197539,11.2,,
2006-01-01,65.49,4.29,4.42,3.9853172522286373,4.7,3.2,1.6296181139230592,9.6,,
2006-02-01,61.63,4.49,4.57,3.59749739311781,4.8,3.2,1.6296181139230592,10.0,,
2006-03-01,62.69,4.59,4.72,3.3626487325400856,4.7,3.2,1.6296181139230592,8.6,,
2006-04-01,69.44,4.79,4.99,3.5457348406988665,4.7,3.0,1.3161027793571645,11.8,,
2006-05-01,70.84,4.94,5.11,4.166666666666674,4.6,3.0,1.3161027793571645,7.6,,
2006-06-01,70.95,4.99,5.11,4.318766066838053,4.6,3.0,1.3161027793571645,5.4,,
2006-07-01,74.41,5.24,5.09,4.145342886386905,4.7,2.3,0.9217550404048369,6.8,,
2006-08-01,73.04,5.25,4.88,3.8187372708757605,4.7,2.3,0.9217550404048369,7.0,,
2006-09-01,63.8,5.25,4.72,2.062374245472842,4.5,2.3,0.9217550404048369,3.8,,
2006-10-01,58.89,5.25,4.73,1.3052208835341528,4.4,2.6,1.2681350552404602,2.2,,
2006-11-01,59.08,5.25,4.6,1.9736842105263275,4.5,2.6,1.2681350552404602,-0.6,,
2006-12-01,61.96,5.24,4.56,2.5406504065040636,4.4,2.6,1.2681350552404602,3.0,,
2007-01-01,54.51,5.25,4.76,2.0756429652042385,4.6,1.6,1.0530588535471175,-1.4,,11181.0
2007-02-01,59.28,5.26,4.72,2.415198792148976,4.5,1.6,1.0530588535471175,3.0,,11178.2
2007-03-01,60.44,5.26,4.56,2.7787787787787677,4.4,1.6,1.0530588535471175,1.4,0.4980079681274896,11190.7
2007-04-01,63.98,5.25,4.69,2.5736972704714756,4.5,1.9,1.151432120517537,5.6,0.4975124378109319,11201.5
2007-05-01,63.46,5.25,4.75,2.6908641975308623,4.4,1.9,1.151432120517537,5.6,0.8000000000000007,11218.0
2007-06-01,67.49,5.25,5.1,2.687037949728932,4.6,1.9,1.151432120517537,6.8,0.8982035928143617,11218.5
2007-07-01,74.12,5.26,5.0,2.3582309582309557,4.7,2.4,1.2136359427517451,4.6,0.8999999999999897,11252.6
2007-08-01,72.36,5.02,4.67,1.9700833742030355,4.6,2.4,1.2136359427517451,2.4,1.4042126379137265,11300.1
2007-09-01,79.92,4.94,4.52,2.755051749630355,4.7,2.4,1.2136359427517451,1.0,0.29821073558646827,11309.6
2007-10-01,85.8,4.76,4.53,3.5361744301288356,4.7,2.1,1.3388614620259753,0.8,-0.39564787339266827,11318.6
2007-11-01,94.77,4.49,4.15,4.306203473945414,4.7,2.1,1.3388614620259753,0.0,-1.183431952662728,11342.2
2007-12-01,91.69,4.24,4.1,4.081268582755193,5.0,2.1,1.3388614620259753,-3.2,-1.184600197433372,11335.1
2008-01-01,92.97,3.94,3.74,4.280294047901356,5.0,1.4,0.4067164866971895,1.4,-1.2845849802371467,11333.2
2008-02-01,95.39,2.98,3.74,4.026555413048727,4.9,1.4,0.4067164866971895,-3.4,-1.2833168805528206,11293.9
2008-03-01,105.45,2.61,3.51,3.981456231251701,5.1,1.4,0.4067164866971895,-2.8,-0.7928642220019877,11322.1
2008-04-01,112.58,2.28,3.68,3.9368897748275122,5.0,1.4,0.527217367872379,-2.8,-1.089108910891079,11340.5
2008-05-01,125.4,1.98,3.88,4.17554304180352,5.4,1.4,0.527217367872379,-0.8,-0.9920634920634885,11361.6
2008-06-01,133.88,2.0,4.1,5.0217900476117405,5.6,1.4,0.527217367872379,0.4,-2.0771513353115667,11340.7
2008-07-01,133.37,2.01,4.01,5.6001229002539565,5.8,0.3,-0.44571260481139907,0.0,-2.279484638255702,11286.0
2008-08-01,116.67,2.0,3.89,5.371855115262347,6.1,0.3,-0.44571260481139907,-0.2,-1.879327398615227,11284.7
2008-09-01,104.11,1.81,3.69,4.936927430572191,6.1,0.3,-0.44571260481139907,-13.0,-1.5857284440039643,11209.7
2008-10-01,76.61,0.97,3.81,3.655186277137501,6.5,-2.5,-3.0268313026020177,-22.2,-0.3972194637537285,11192.5
2008-11-01,57.31,0.39,3.53,1.0695746918073956,6.8,-2.5,-3.0268313026020177,-27.6,2.39520958083832,11158.2
2008-12-01,41.12,0.16,2.42,0.09141290064560437,7.3,-2.5,-3.0268313026020177,-35.2,3.6963036963037155,11125.8
2009-01-01,41.71,0.15,2.52,0.02984650369528552,7.8,-3.2,-4.486292211009458,-28.8,3.703703703703698,11176.3
2009-02-01,39.09,0.22,2.87,0.2361910880378737,8.3,-3.2,-4.486292211009458,-28.6,3.299999999999992,11130.5
2009-03-01,47.94,0.18,2.82,-0.3835562549173832,8.7,-3.2,-4.486292211009458,-27.2,3.6963036963037155,11084.6
2009-04-01,49.65,0.15,2.93,-0.7368857152167174,9.0,-4.0,-4.984836679189042,-19.2,4.004004004004003,11068.0
2009-05-01,59.03,0.18,3.29,-1.2814357989586078,9.4,-4.0,-4.984836679189042,-13.6,4.008016032064132,11078.1
2009-06-01,69.64,0.21,3.72,-1.4267760436898702,9.5,-4.0,-4.984836679189042,-9.4,4.141414141414135,11081.1
2009-07-01,64.15,0.16,3.56,-2.097161353676058,9.5,-3.1,-4.954934641071185,-1.8,4.766734279918872,11118.1
2009-08-01,71.05,0.16,3.59,-1.4843486119606064,9.6,-3.1,-4.954934641071185,5.6,4.0322580645161255,11218.0
2009-09-01,69.41,0.15,3.4,-1.2862059666427395,9.8,-3.1,-4.954934641071185,4.8,3.92749244712991,11114.6
2009-10-01,75.72,0.12,3.39,-0.1828482774861251,10.0,0.1,-4.222627857439887,10.4,2.6919242273180544,11127.1
2009-11-01,77.99,0.12,3.4,1.8382958691302909,9.9,0.1,-4.222627857439887,7.4,0.19493177387914784,11109.4
2009-12-01,74.47,0.12,3.59,2.721331126205828,9.9,0.1,-4.222627857439887,9.8,-0.8670520231214063,11177.3
2010-01-01,78.33,0.11,3.73,2.6257086429576137,9.8,1.7,-4.057948558305791,16.8,-0.5791505791505669,11156.8
2010-02-01,76.39,0.13,3.69,2.143331778145363,9.8,1.7,-4.057948558305791,14.2,0.09680542110357404,11198.6
2010-03-01,81.2,0.16,3.73,2.3139594469439473,9.9,1.7,-4.057948558305791,20.8,-0.4816955684007751,11252.1
2010-04-01,84.29,0.2,3.85,2.2364471956480836,9.9,2.9,-3.439413504247113,19.2,-0.4812319538017418,11275.1
2010-05-01,73.74,0.2,3.42,2.0209860840939786,9.6,2.9,-3.439413504247113,15.6,-0.19267822736032114,11303.2
2010-06-01,75.34,0.18,3.2,1.053348972845658,9.4,2.9,-3.439413504247113,10.6,0.5819592628515835,11330.6
2010-07-01,76.32,0.18,3.01,1.2351927783014638,9.4,3.3,-3.0231992202987,10.2,0.4840271055179146,11361.7
2010-08-01,76.6,0.19,2.7,1.1481045618392027,9.5,3.3,-3.0231992202987,10.4,0.5813953488372103,11389.2
2010-09-01,75.24,0.19,2.65,1.143682658159273,9.5,3.3,-3.0231992202987,10.6,0.6782945736434121,11399.9
2010-10-01,81.89,0.19,2.54,1.1721876055269531,9.4,2.8,-2.8568925228722897,13.8,0.7766990291262044,11428.9
2010-11-01,84.25,0.19,2.76,1.1431609115702734,9.8,2.8,-2.8568925228722897,16.4,0.6809338521400754,11458.0
2010-12-01,89.15,0.18,3.29,1.4957235273143077,9.3,2.8,-2.8568925228722897,17.0,0.291545189504383,11473.2
2011-01-01,89.17,0.17,3.39,1.631846857448771,9.1,2.0,-3.4425357910421783,18.6,0.3883495145631022,11486.0
2011-02-01,88.58,0.16,3.58,2.1075846286581656,9.0,2.0,-3.4425357910421783,19.8,-0.29013539651836506,11482.8
2011-03-01,102.86,0.14,3.41,2.6816032642408505,9.0,2.0,-3.4425357910421783,18.4,-0.7744433688286589,11522.6
2011-04-01,109.53,0.1,3.46,3.1636308592764673,9.1,1.7,-3.1548966856116745,18.8,-1.1605415860734936,11508.9
2011-05-01,100.9,0.09,3.17,3.568645784634561,9.0,1.7,-3.1548966856116745,7.8,-1.3513513513513375,11495.6
2011-06-01,96.26,0.09,3.0,3.558828252242341,9.1,1.7,-3.1548966856116745,12.4,-1.3500482160077043,11522.3
2011-07-01,97.3,0.07,3.0,3.6287159822210757,9.0,0.9,-3.549746439902457,5.8,-1.2524084778420153,11542.3
2011-08-01,86.33,0.1,2.3,3.7712081791197782,9.0,0.9,-3.549746439902457,5.6,-1.7341040462427904,11535.3
2011-09-01,85.52,0.08,1.98,3.868356841040299,9.0,0.9,-3.549746439902457,5.4,-1.8286814244465988,11554.3
2011-10-01,86.32,0.07,2.15,3.5251999213574026,8.8,1.5,-2.8552661031595594,2.8,-1.5414258188824692,11575.1
2011-11-01,97.16,0.08,2.01,3.3943775908008567,8.6,1.5,-2.8552661031595594,3.0,-1.352657004830904,11555.7
2011-12-01,98.56,0.07,1.98,2.9624188448710953,8.5,1.5,-2.8552661031595594,5.2,-0.9689922480620172,11560.9
2012-01-01,100.27,0.08,1.97,2.9252167121508466,8.3,2.6,-2.444172343733242,6.2,-1.2572533849129486,11605.5
2012-02-01,102.2,0.1,1.97,2.871098780438208,8.3,2.6,-2.444172343733242,7.0,-1.0669253152279512,11675.8
2012-03-01,106.16,0.13,2.17,2.651398193021781,8.2,2.6,-2.444172343733242,7.2,-0.39024390243901363,11660.5
2012-04-01,103.32,0.14,2.05,2.3027398112989372,8.2,2.4,-2.4219727265979873,8.6,-0.09784735812132794,11671.4
2012-05-01,94.66,0.16,1.8,1.704253774937592,8.2,2.4,-2.4219727265979873,6.8,0.1956947162426559,11672.0
2012-06-01,82.3,0.16,1.62,1.6639937622385137,8.2,2.4,-2.4219727265979873,1.4,0.3910068426197455,11659.9
2012-07-01,87.9,0.16,1.53,1.4084507042253502,8.2,2.6,-2.6985932968657034,0.0,0.29268292682926855,11684.4
2012-08-01,94.13,0.13,1.68,1.692378997550148,8.1,2.6,-2.6985932968657034,1.4,0.09803921568629637,11686.7
2012-09-01,94.51,0.14,1.72,1.9912820806649911,7.8,2.6,-2.6985932968657034,3.6,0.0,11703.2
2012-10-01,89.49,0.16,1.75,2.1623435988711304,7.8,1.6,-3.0080481743715692,1.0,-0.4892367906066619,11702.3
2012-11-01,86.53,0.16,1.65,1.764133846085847,7.7,1.6,-3.0080481743715692,-2.4,0.09794319294809117,11753.4
2012-12-01,87.86,0.16,1.72,1.741022368747558,7.9,1.6,-3.0080481743715692,-0.4,0.3913894324853118,11758.3
2013-01-01,94.76,0.14,1.91,1.5948646681225531,8.0,1.7,-2.4864303591345616,5.8,0.3917727717923425,11810.6
2013-02-01,95.31,0.15,1.98,1.9779235097490577,7.7,1.7,-2.4864303591345616,9.2,0.09803921568629637,11808.6
2013-03-01,92.94,0.14,1.96,1.4738962125967703,7.5,1.7,-2.4864303591345616,5.0,0.3917727717923425,11823.8
2013-04-01,92.02,0.15,1.76,1.063085381489448,7.6,1.5,-2.6644467673539785,0.8,0.8814887365328206,11826.4
2013-05-01,94.51,0.11,1.93,1.3619650588516885,7.5,1.5,-2.6644467673539785,0.4,0.5859375,11860.1
2013-06-01,95.77,0.09,2.3,1.7544165453768912,7.5,1.5,-2.6644467673539785,4.6,0.3894839337877487,11857.7
2013-07-01,104.67,0.09,2.58,1.9606816118443948,7.3,2.2,-2.2794879640404275,7.6,0.1945525291829009,11872.3
2013-08-01,106.57,0.08,2.74,1.518367559543199,7.2,2.2,-2.2794879640404275,11.2,0.7835455435847072,11890.3
2013-09-01,106.29,0.08,2.81,1.184925261552161,7.2,2.2,-2.2794879640404275,10.8,0.9803921568627638,11926.1
2013-10-01,100.54,0.09,2.62,0.9636127046434018,7.2,3.0,-1.8813760364566723,10.8,1.37659783677484,11964.6
2013-11-01,93.86,0.08,2.72,1.2370722045339066,6.9,3.0,-1.8813760364566723,12.0,0.9784735812133016,12013.7
2013-12-01,97.63,0.09,2.9,1.501735619618394,6.7,3.0,-1.8813760364566723,11.8,0.3898635477582957,12024.7
2014-01-01,94.62,0.07,2.86,1.5789473684210575,6.6,1.7,-2.6784622384801393,4.2,0.39024390243902474,11985.0
2014-02-01,100.82,0.07,2.71,1.1263492501055294,6.7,1.7,-2.6784622384801393,9.6,1.1753183153770719,12039.4
2014-03-01,100.8,0.08,2.72,1.51220287576308,6.7,1.7,-2.6784622384801393,10.2,0.4878048780487809,12108.3
2014-04-01,102.07,0.09,2.71,1.9528578985167577,6.2,2.7,-1.8881864553891847,10.8,-0.0970873786407922,12128.1
2014-05-01,102.18,0.09,2.56,2.1271115499366777,6.3,2.7,-1.8881864553891847,11.6,0.0,12154.5
2014-06-01,105.79,0.1,2.6,2.0723413731670526,6.1,2.7,-1.8881864553891847,10.6,0.0,12197.1
2014-07-01,103.59,0.09,2.54,1.9923286357643066,6.2,3.1,-1.1762451818762343,11.2,0.0970873786407811,12223.6
2014-08-01,96.54,0.09,2.42,1.6996113341628316,6.1,3.1,-1.1762451818762343,16.2,0.38872691933917736,12306.5
2014-09-01,93.21,0.09,2.53,1.657918675715031,5.9,3.1,-1.1762451818762343,11.6,0.3883495145631022,12310.2
2014-10-01,84.4,0.09,2.3,1.664340215632043,5.7,2.7,-1.1644669338881197,14.6,0.4849660523763344,12389.1
2014-11-01,75.79,0.09,2.33,1.3223551823708934,5.8,2.7,-1.1644669338881197,15.0,0.8720930232558155,12420.6
2014-12-01,59.29,0.12,2.21,0.7564932696557447,5.6,2.7,-1.1644669338881197,9.8,1.2621359223300876,12455.1
2015-01-01,47.22,0.11,1.88,-0.08934831306964819,5.7,4.0,-0.7718516765497507,7.8,2.4295432458697697,12484.7
2015-02-01,50.58,0.11,1.98,-0.025129801815304553,5.5,4.0,-0.7718516765497507,6.6,1.9361084220716362,12514.1
2015-03-01,47.82,0.11,2.04,-0.07363739086643228,5.4,4.0,-0.7718516765497507,4.6,2.233009708737854,12551.8
2015-04-01,54.45,0.12,1.94,-0.1995174461766891,5.4,3.3,-0.6596858939311945,3.2,2.4295432458697697,12574.8
2015-05-01,59.27,0.12,2.2,-0.039932744850779134,5.6,3.3,-0.6596858939311945,6.2,2.3300970873786353,12612.7
2015-06-01,59.82,0.13,2.36,0.12377120368545214,5.3,3.3,-0.6596858939311945,6.2,1.9398642095053376,12621.6
2015-07-01,50.9,0.13,2.32,0.1695697796432194,5.2,2.4,-0.7662786732409388,3.8,1.9398642095053376,12668.4
2015-08-01,42.87,0.14,2.17,0.1950792930057288,5.1,2.4,-0.7662786732409388,2.0,2.0329138431752103,12699.7
2015-09-01,45.48,0.14,2.17,-0.03612974780596856,5.0,2.4,-0.7662786732409388,0.0,2.2243713733075543,12707.2
2015-10-01,46.22,0.12,2.07,0.17057443573555986,5.0,2.1,-1.088639910131084,-1.2,2.316602316602312,12715.9
2015-11-01,42.44,0.12,2.26,0.5017975786678841,5.1,2.1,-1.088639910131084,-3.2,1.9212295869356355,12737.0
2015-12-01,37.19,0.24,2.24,0.7295197860415881,5.0,2.1,-1.088639910131084,-4.0,1.82166826462129,12777.3
2016-01-01,31.68,0.34,2.09,1.3730868138309926,4.8,1.8,-1.0238570616857845,-3.6,1.3282732447817969,12798.7
2016-02-01,30.32,0.38,1.78,1.0177997801654737,4.9,1.8,-1.0238570616857845,-1.0,1.5194681861348647,12884.0
2016-03-01,37.55,0.36,1.89,0.8525362211427412,5.0,1.8,-1.0238570616857845,3.6,1.5194681861348647,12836.1
2016-04-01,40.75,0.37,1.81,1.125110418894426,5.1,1.5,-1.211572355943591,1.6,1.3282732447817969,12870.2
2016-05-01,46.71,0.37,1.81,1.019322554193569,4.8,1.5,-1.211572355943591,2.6,1.3282732447817969,12891.2
2016-06-01,48.76,0.38,1.64,0.9973264945230875,4.9,1.5,-1.211572355943591,6.4,1.5223596574690745,12948.6
2016-07-01,44.65,0.39,1.5,0.8271388704987004,4.8,1.8,-1.0119062431001358,5.2,1.807802093244515,12972.2
2016-08-01,44.72,0.4,1.56,1.0628745027610353,4.9,1.8,-1.0119062431001358,-1.2,1.4231499051233332,12986.1
2016-09-01,45.18,0.4,1.63,1.4637836474815646,5.0,1.8,-1.0119062431001358,3.0,1.1352885525070855,13020.9
2016-10-01,49.78,0.4,1.76,1.6359875209176034,4.9,2.2,-0.9595882771862074,3.8,1.0377358490566202,13014.9
2016-11-01,45.66,0.41,2.14,1.6925371625037933,4.7,2.2,-0.9595882771862074,6.4,0.8482563619227168,13036.8
2016-12-01,51.97,0.54,2.49,2.074622132966919,4.7,2.2,-0.9595882771862074,9.4,0.6591337099811634,13128.5
2017-01-01,52.5,0.65,2.43,2.5000422090529995,4.7,2.1,-0.9714189222937097,12.0,-0.0936329588014928,13136.3
2017-02-01,53.47,0.66,2.42,2.7379581714893186,4.6,2.1,-0.9714189222937097,15.4,-0.093545369504211,13143.4
2017-03-01,49.33,0.79,2.48,2.3806124334402767,4.4,2.1,-0.9714189222937097,14.4,0.187090739008422,13201.7
2017-04-01,51.06,0.9,2.3,2.199689878417299,4.4,2.3,-0.9088951444896853,9.6,0.3745318352059934,13206.1
2017-05-01,48.48,0.91,2.3,1.8748777208413614,4.4,2.3,-0.9088951444896853,9.8,0.5617977528090012,13214.5
2017-06-01,45.18,1.04,2.19,1.633487955256463,4.3,2.3,-0.9088951444896853,15.6,0.8434864104967188,13256.7
2017-07-01,46.63,1.15,2.32,1.727978456372492,4.3,2.4,-0.6219792734647123,12.6,0.8411214953270907,13290.1
2017-08-01,48.04,1.16,2.21,1.9389742120581754,4.4,2.4,-0.6219792734647123,17.6,0.654817586529477,13291.7
2017-09-01,49.82,1.15,2.2,2.2329638650032235,4.3,2.4,-0.6219792734647123,21.6,0.561272217025266,13364.4
2017-10-01,51.58,1.15,2.36,2.0411287019761692,4.2,3.0,-0.0019160858268030267,17.4,0.37348272642390157,13377.0
2017-11-01,56.64,1.16,2.35,2.202582938683184,4.2,3.0,-0.0019160858268030267,16.4,0.2803738317757043,13450.3
2017-12-01,57.88,1.3,2.4,2.1090824745684245,4.1,3.0,-0.0019160858268030267,19.4,0.561272217025266,13555.4
2018-01-01,63.7,1.41,2.58,2.0705076202751638,4.0,3.3,0.3040985077769509,18.2,0.6560449859418949,13541.3
2018-02-01,62.23,1.42,2.86,2.2117954212386604,4.1,3.3,0.3040985077769509,21.6,0.3745318352059934,13547.3
2018-03-01,62.73,1.51,2.84,2.3597114039729084,4.0,3.3,0.3040985077769509,18.6,0.46685340802987696,13586.5
2018-04-01,66.25,1.69,2.87,2.462743943334811,4.0,3.3,0.32189208493382804,14.6,0.2798507462686617,13598.7
2018-05-01,69.98,1.7,2.98,2.8010117148075553,3.8,3.3,0.32189208493382804,17.4,0.18621973929235924,13640.5
2018-06-01,67.87,1.82,2.91,2.87154783531669,4.0,3.3,0.32189208493382804,20.4,0.09293680297397522,13653.7
2018-07-01,70.98,1.91,2.89,2.9495150866471143,3.8,3.1,0.43051249618482057,16.2,0.0,13682.7
2018-08-01,68.06,1.91,2.89,2.6991801041874375,3.8,3.1,0.43051249618482057,22.6,0.4646840148698983,13711.5
2018-09-01,70.23,1.95,3.0,2.2769721941990007,3.7,3.1,0.43051249618482057,19.6,0.7441860465116301,13687.1
2018-10-01,70.75,2.19,3.15,2.5224699286070296,3.8,2.1,0.051836642169345026,15.4,0.7441860465116301,13727.1
2018-11-01,56.96,2.2,3.12,2.176601032152403,3.8,2.1,0.051836642169345026,18.6,1.2115563839701693,13800.3
2018-12-01,49.52,2.27,2.83,1.9101588486313714,3.9,2.1,0.051836642169345026,8.6,1.3953488372093092,13682.3
2019-01-01,51.38,2.4,2.71,1.5512351381991252,4.0,1.9,0.14635237384514888,13.2,1.6759776536312776,13721.7
2019-02-01,54.95,2.4,2.68,1.520135265933309,3.8,1.9,0.14635237384514888,8.2,1.9589552238805874,13728.5
2019-03-01,58.15,2.41,2.57,1.8625227405691724,3.8,1.9,0.14635237384514888,10.6,1.486988847583648,13824.8
2019-04-01,63.86,2.42,2.53,1.9964397755302565,3.7,2.2,0.45133364488136873,5.6,1.3023255813953583,13825.9
2019-05-01,60.83,2.39,2.4,1.7902284687663972,3.6,2.2,0.45133364488136873,4.2,1.486988847583648,13877.1
2019-06-01,54.66,2.38,2.07,1.6484846560762545,3.6,2.2,0.45133364488136873,3.4,1.7641597028783762,13924.1
2019-07-01,57.35,2.4,2.06,1.8114648063935146,3.7,2.8,1.094434852009396,2.4,1.5755329008341201,13989.9
2019-08-01,54.81,2.13,1.63,1.7497798894291483,3.6,2.8,1.094434852009396,-1.8,1.6651248843663202,14043.6
2019-09-01,56.95,2.04,1.7,1.7113045131695204,3.5,2.8,1.094434852009396,-4.4,1.3850415512465464,14066.2
2019-10-01,53.96,1.83,1.71,1.7640429444213845,3.6,3.4,1.2673358082020858,-3.4,1.3850415512465464,14067.2
2019-11-01,57.03,1.55,1.81,2.0512779818916194,3.6,3.4,1.2673358082020858,-3.8,1.1970534069981609,14142.8
2019-12-01,59.88,1.55,1.86,2.2851297401217163,3.6,3.4,1.2673358082020858,-5.6,0.6422018348623881,14165.7
2020-01-01,57.52,1.55,1.76,2.4865719552504606,3.6,1.4,-0.5602534881091192,1.8,0.45787545787545625,14230.7
2020-02-01,50.54,1.58,1.5,2.3348735639459495,3.5,1.4,-0.5602534881091192,0.2,0.7319304666056681,14181.4
2020-03-01,29.21,0.65,0.87,1.5393269919198094,4.4,1.4,-0.5602534881091192,-1.8,1.9230769230769384,13249.1
2020-04-01,16.55,0.05,0.66,0.3290966863368272,14.8,-7.4,-8.83052995342507,-17.0,7.713498622589521,11798.6
2020-05-01,28.56,0.05,0.67,0.11792637021070806,13.2,-7.4,-8.83052995342507,-13.8,6.41025641025641,12780.5
2020-06-01,38.31,0.08,0.73,0.6457330475554857,11.0,-7.4,-8.83052995342507,5.2,4.288321167883202,13476.8
2020-07-01,40.71,0.09,0.62,0.9860818253037085,10.2,-1.4,-2.1962329900136357,7.6,3.8321167883211604,13683.5
2020-08-01,42.34,0.1,0.65,1.3096453823307153,8.4,-1.4,-2.1962329900136357,10.8,3.4576888080072754,13793.0
2020-09-01,39.63,0.09,0.68,1.3713248610564666,7.8,-1.4,-2.1962329900136357,11.0,3.3697632058287796,13964.6
2020-10-01,39.4,0.09,0.79,1.1820661677274913,6.9,-0.9,-1.5376518700721986,17.4,3.3697632058287796,14007.1
2020-11-01,40.94,0.09,0.87,1.1745357842679605,6.7,-0.9,-1.5376518700721986,14.6,3.3666969972702354,13970.3
2020-12-01,47.02,0.09,0.93,1.3620054947193205,6.7,-0.9,-1.5376518700721986,20.4,4.0109389243391025,14026.7
2021-01-01,52.0,0.09,1.08,1.3997697415600863,6.4,1.8,-0.6350171835521445,18.6,3.828623518687335,14204.7
2021-02-01,59.04,0.08,1.26,1.6762152173745104,6.2,1.8,-0.6350171835521445,21.6,3.542234332425065,14074.1
2021-03-01,62.33,0.07,1.61,2.619762508959189,6.1,1.8,-0.6350171835521445,27.9,1.7969451931715952,14680.0
2021-04-01,61.72,0.07,1.64,4.15969483870211,6.1,12.4,0.5564125921626584,22.0,-3.4100596760443302,14796.0
2021-05-01,65.17,0.06,1.62,4.992706537594471,5.8,12.4,0.5564125921626584,23.8,-2.495697074010317,14771.4
2021-06-01,71.38,0.08,1.52,5.391451413321335,5.9,12.4,0.5564125921626584,22.2,-1.3123359580052507,14892.6
2021-07-01,72.49,0.1,1.32,5.365475239385398,5.4,5.2,0.8515002156626039,20.0,-0.8787346221441283,14869.0
2021-08-01,67.73,0.09,1.28,5.251271554874992,5.1,5.2,0.8515002156626039,19.2,-0.7036059806508344,14970.2
2021-09-01,71.65,0.08,1.37,5.390348855079163,4.7,5.2,0.8515002156626039,21.4,-0.35242290748898064,14990.6
2021-10-01,81.48,0.08,1.58,6.221868903328898,4.5,5.8,2.0168668971822346,20.8,-0.7929515418502175,15085.5
2021-11-01,79.15,0.08,1.56,6.809002839806477,4.1,5.8,2.0168668971822346,21.6,-1.4084507042253502,15115.9
2021-12-01,71.71,0.08,1.47,7.036402865545144,3.9,5.8,2.0168668971822346,17.2,-2.0157756354075462,15059.2
2022-01-01,83.22,0.08,1.76,7.479872468289117,4.0,4.0,1.1715931164552718,15.2,-1.843722563652339,15067.8
2022-02-01,91.64,0.08,1.93,7.871063897739283,3.9,4.0,1.1715931164552718,16.8,-2.4561403508772006,15077.9
2022-03-01,108.5,0.2,2.13,8.542455554842432,3.7,4.0,1.1715931164552718,14.0,-2.471315092674309,15156.8
2022-04-01,101.78,0.33,2.75,8.258629340882372,3.7,2.5,0.7247917141046889,11.8,-2.206531332744921,15235.4
2022-05-01,109.55,0.77,2.9,8.581511543676523,3.6,2.5,0.7247917141046889,12.2,-2.7360988526037078,15214.1
2022-06-01,114.84,1.21,3.14,9.059757964784154,3.6,2.5,0.7247917141046889,6.2,-3.280141843971629,15223.6
2022-07-01,101.62,1.68,2.9,8.52481474562552,3.5,2.3,0.8244191442181803,5.4,-2.748226950354604,15237.1
2022-08-01,93.67,2.33,2.9,8.262692503116241,3.6,2.3,0.8244191442181803,5.8,-2.6572187776793488,15319.8
2022-09-01,84.26,2.56,3.52,8.20166964383362,3.5,2.3,0.8244191442181803,2.0,-2.8293545534924913,15330.5
2022-10-01,87.55,3.08,3.98,7.7454273308049215,3.6,1.3,0.8763602529040737,0.4,-2.57548845470692,15358.1
2022-11-01,84.37,3.78,3.89,7.110322794191726,3.6,1.3,0.8763602529040737,-2.0,-1.9642857142857073,15317.1
2022-12-01,76.44,4.1,3.62,6.4544013314108195,3.5,1.3,0.8763602529040737,-3.2,-1.4311270125223596,15303.6
2023-01-01,78.12,4.33,3.53,6.410146968856267,3.5,2.3,0.9452528143462757,-5.2,-1.6994633273702986,15501.5
2023-02-01,76.83,4.57,3.75,6.035613077866597,3.6,2.3,0.9452528143462757,-4.6,-1.0791366906474753,15491.8
2023-03-01,73.28,4.65,3.66,4.984974122099173,3.5,2.3,0.9452528143462757,-7.0,-0.2714932126696934,15494.0
2023-04-01,79.45,4.83,3.46,4.930320398188925,3.4,2.8,0.9054975675320209,-6.0,-0.3610108303249149,15541.8
2023-05-01,71.58,5.06,3.57,4.047609272791974,3.6,2.8,0.9054975675320209,-6.8,0.1814882032667775,15535.2
2023-06-01,70.25,5.08,3.75,2.9691776545588855,3.6,2.8,0.9054975675320209,-7.2,1.5582034830430747,15584.1
2023-07-01,76.07,5.12,3.9,3.177780177942169,3.5,3.2,1.3912643737885588,-7.0,1.2762078395624377,15658.4
2023-08-01,81.39,5.33,4.17,3.6651123843995492,3.7,3.2,1.3912643737885588,-4.8,0.7279344858962755,15668.6
2023-09-01,89.43,5.33,4.38,3.69969812134443,3.7,3.2,1.3912643737885588,-2.8,0.7279344858962755,15688.7
2023-10-01,85.64,5.33,4.8,3.241144651893202,3.9,3.4,1.5681322224751604,-6.2,1.0027347310847645,15730.9
2023-11-01,77.69,5.33,4.5,3.1372707088417773,3.7,3.4,1.5681322224751604,-6.8,1.0018214936247771,15786.9
2023-12-01,71.9,5.33,4.02,3.3521228314302265,3.8,3.4,1.5681322224751604,-5.8,0.8166969147005432,15851.3
2024-01-01,74.15,5.33,4.06,3.0908847812280538,3.7,2.9,1.1090025599644893,-1.8,1.273885350318471,15793.7
2024-02-01,77.25,5.33,4.21,3.1531711208615976,3.9,2.9,1.1090025599644893,-4.8,0.9090909090909038,15863.1
2024-03-01,81.28,5.33,4.21,3.4773850700380304,3.9,2.9,1.1090025599644893,-0.400000000000006,0.6352087114337657,15916.3
2024-04-01,85.35,5.33,4.54,3.357363950119163,3.9,3.1,1.3380658955169489,-2.40000000000001,0.5434782608695787,15945.2
2024-05-01,80.02,5.33,4.48,3.2690290569400204,3.9,3.1,1.3380658955169489,-3.0,0.9057971014492905,16019.2
2024-06-01,79.77,5.33,4.31,2.971397107263307,4.1,3.1,1.3380658955169489,-3.40000000000001,0.902527075812265,16064.4
2024-07-01,81.8,5.33,4.25,2.8947531984913066,4.2,2.8,1.5206272919858765,-6.0,0.7200720072007227,16123.8
2024-08-01,76.68,5.33,3.87,2.5307302964569622,4.2,2.8,1.5206272919858765,-5.0,1.2646793134598155,16145.7
2024-09-01,70.24,5.13,3.72,2.440633031069983,4.1,2.8,1.5206272919858765,-5.0,1.445347786811202,16227.8
2024-10-01,71.99,4.83,4.1,2.597904904914672,4.1,2.4,1.3535859278855922,-6.2,1.3537906137184086,16247.7
2024-11-01,69.95,4.64,4.36,2.7493803960905616,4.2,2.4,1.3535859278855922,-3.2,1.4427412082957725,16299.5
2024-12-01,70.12,4.48,4.39,2.888057219980067,4.1,2.4,1.3535859278855922,-1.59999999999999,1.1701170117011772,16415.5
2025-01-01,75.74,4.33,4.63,3.0004831121501097,4.0,2.0,0.5703845369417593,1.8,0.9883198562443685,16316.5
2025-02-01,71.53,4.33,4.45,2.82154895174751,4.2,2.0,0.5703845369417593,0.599999999999994,1.2612612612612706,16297.0
2025-03-01,68.24,4.33,4.28,2.3907252538964974,4.2,2.0,0.5703845369417593,-2.0,1.8034265103696878,16423.9
2025-04-01,63.54,4.33,4.28,2.3112888616734883,4.2,2.1,0.9446808559031572,-2.59999999999999,1.6216216216216273,16446.9
2025-05-01,62.17,4.33,4.42,2.354896535474671,4.3,2.1,0.9446808559031572,-3.0,1.6157989228007263,16423.9
2025-06-01,68.17,4.33,4.38,2.669213018222316,4.1,2.1,0.9446808559031572,-2.0,1.1627906976744207,16466.3
2025-07-01,68.39,4.33,4.39,2.7049023971513986,4.3,2.3,1.4640172766732684,-4.0,1.1617515638963516,16547.5
2025-08-01,64.86,4.33,4.26,2.9161742842984006,4.3,2.3,1.4640172766732684,-2.59999999999999,1.070472792149868,16595.8
2025-09-01,63.96,4.22,4.12,3.0126767755256134,4.4,2.3,1.4640172766732684,-1.8,0.8014247551202169,16614.3
2025-10-01,60.89,4.09,4.06,,,2.0,1.0269321067232662,-2.59999999999999,,16649.3
2025-11-01,60.06,3.88,4.09,2.735084455122627,4.5,2.0,1.0269321067232662,-3.59999999999999,1.1555555555555541,16665.7
2025-12-01,57.97,3.72,4.14,2.6770805278750087,4.4,2.0,1.0269321067232662,-4.2,0.9786476868327343,16680.7
2026-01-01,60.04,3.64,4.21,2.386431244904319,4.3,2.7,0.9825842844794153,5.2,1.2455516014235002,16648.5
2026-02-01,64.51,3.64,4.13,2.4141129866304123,4.4,2.7,0.9825842844794153,4.8,1.2455516014235002,16684.6
2026-03-01,91.38,3.64,4.25,3.2564204390883145,4.3,2.7,0.9825842844794153,5.4,0.1771479185119773,16730.1
2026-04-01,100.32,3.64,4.32,3.8108449321217597,4.3,2.1,0.8253701881011155,5.4,-0.26595744680850686,16763.5
2026-05-01,102.13,3.63,4.48,4.248674039164446,4.3,2.1,0.8253701881011155,8.0,-0.7950530035335635,16825.5
2026-06-01,84.81,3.63,4.47,3.5314250637863864,4.2,2.1,0.8253701881011155,6.6,-0.08841732979664174,16900.0
2026-07-01,80.46,3.63,4.6,3.364825041479902,4.1,,,11.2,-0.08833922261484162,16901.3
2026-08-01,83.9,3.63,4.68,3.3965478924364856,4.1,,,9.2,-0.26478375992938785,
